operation,k,m,shard_size,object_size,failed_nodes,total_nodes,crypto_ms,transport_ms,total_ms,success,storage_overhead
PUT,2,1,512,1024,0,4,1.2032,3.04315,6.41283,1,1.60254
GET,2,1,512,1024,0,3,0.102536,0.389788,1.15911,1,0
PUT,2,1,2048,4096,0,4,0.167323,3.57875,5.74482,1,1.52563
GET,2,1,2048,4096,0,3,0.103047,0.292647,1.00466,1,0
PUT,2,1,8192,16384,0,4,0.209775,4.959,6.85591,1,1.50641
GET,2,1,8192,16384,0,3,0.115528,0.354267,0.989716,1,0
PUT,2,1,32768,65536,0,4,0.29432,4.78223,7.07812,1,1.5016
GET,2,1,32768,65536,0,3,0.136482,0.392682,1.03571,1,0
PUT,2,1,131072,262144,0,4,0.785498,4.87741,8.18219,1,1.50042
GET,2,1,131072,262144,0,3,0.289696,0.560789,1.46823,1,0
PUT,2,1,524288,1048576,0,4,2.72047,7.98442,12.9716,1,1.50011
GET,2,1,524288,1048576,0,3,1.18405,1.68082,3.87462,1,0
PUT,2,2,512,1024,0,4,0.163519,4.28917,6.51497,1,2.13672
GET,2,2,512,1024,0,4,0.107232,0.316439,0.893991,1,0
PUT,2,2,2048,4096,0,4,0.163233,5.51843,7.65833,1,2.03418
GET,2,2,2048,4096,0,4,0.109178,0.349577,0.919302,1,0
PUT,2,2,8192,16384,0,4,0.218073,4.67366,6.78657,1,2.00854
GET,2,2,8192,16384,0,4,0.118437,0.39649,1.05509,1,0
PUT,2,2,32768,65536,0,4,0.298066,4.83152,6.75929,1,2.00214
GET,2,2,32768,65536,0,4,0.14781,0.421636,1.0894,1,0
PUT,2,2,131072,262144,0,4,0.821686,5.82226,8.72276,1,2.00056
GET,2,2,131072,262144,0,4,0.274809,0.575905,1.41823,1,0
PUT,2,2,524288,1048576,0,4,3.19918,9.09759,14.6603,1,2.00014
GET,2,2,524288,1048576,0,4,1.22915,2.05777,4.21385,1,0
PUT,2,1,512,1024,0,4,0.176783,2.50915,5.04854,1,1.60254
GET,2,1,512,1024,0,3,0.099425,0.338364,1.01617,1,0
REPAIR,2,1,512,1024,1,3,0.041846,1.91248,5.75318,1,0
PUT,2,1,2048,4096,0,4,0.163293,2.7852,5.6693,1,1.52563
GET,2,1,2048,4096,0,3,0.10906,0.337742,1.19201,1,0
REPAIR,2,1,2048,4096,1,3,0.04633,1.79986,5.62698,1,0
PUT,2,1,8192,16384,0,4,0.192679,2.58751,4.41525,1,1.50641
GET,2,1,8192,16384,0,3,0.113248,0.302886,0.969784,1,0
REPAIR,2,1,8192,16384,1,3,0.090542,1.87308,5.6859,1,0
PUT,2,1,32768,65536,0,4,0.33136,1.90686,3.95071,1,1.5016
GET,2,1,32768,65536,0,3,0.150527,0.387551,1.16572,1,0
REPAIR,2,1,32768,65536,1,3,0.211207,1.83154,6.00349,1,0
PUT,2,1,131072,262144,0,4,0.924445,3.52904,6.57145,1,1.50042
GET,2,1,131072,262144,0,3,0.296319,0.510082,1.37875,1,0
REPAIR,2,1,131072,262144,1,3,0.717421,2.4681,7.99,1,0
PUT,2,1,524288,1048576,0,4,3.06036,5.45502,10.8463,1,1.50011
GET,2,1,524288,1048576,0,3,1.17092,1.20434,3.33942,1,0
REPAIR,2,1,524288,1048576,1,3,2.87184,4.22573,12.1503,1,0
PUT,2,2,512,1024,0,4,0.168169,4.07846,6.11871,1,2.13672
GET,2,2,512,1024,0,4,0.100177,0.381339,0.953033,1,0
REPAIR,2,2,512,1024,1,4,0.041548,1.84928,5.67967,1,0
PUT,2,2,2048,4096,0,4,0.161241,2.98881,4.82111,1,2.03418
GET,2,2,2048,4096,0,4,0.09749,0.311578,0.846806,1,0
REPAIR,2,2,2048,4096,1,4,0.046396,1.89121,5.65123,1,0
PUT,2,2,8192,16384,0,4,0.236461,2.2815,4.30216,1,2.00854
GET,2,2,8192,16384,0,4,0.104284,0.441027,1.05648,1,0
REPAIR,2,2,8192,16384,1,4,0.066406,1.83257,5.68782,1,0
PUT,2,2,32768,65536,0,4,0.329721,2.95531,6.12057,1,2.00214
GET,2,2,32768,65536,0,4,0.137805,0.443144,1.14196,1,0
REPAIR,2,2,32768,65536,1,4,0.152574,2.05873,5.87634,1,0
PUT,2,2,131072,262144,0,4,0.81541,5.24635,8.18375,1,2.00056
GET,2,2,131072,262144,0,4,0.286017,0.60079,1.4244,1,0
REPAIR,2,2,131072,262144,1,4,0.72654,2.44089,7.5084,1,0
PUT,2,2,524288,1048576,0,4,3.20356,7.80586,13.9713,1,2.00014
GET,2,2,524288,1048576,0,4,1.24874,1.15227,3.39863,1,0
REPAIR,2,2,524288,1048576,1,4,3.3682,5.94512,14.9417,1,0
PUT,2,1,512,1024,0,8,0.171276,11.5379,14.8479,1,1.60254
GET,2,1,512,1024,0,3,0.188349,0.689296,1.71652,1,0
PUT,2,1,2048,4096,0,8,0.167406,2.71143,6.41623,1,1.52563
GET,2,1,2048,4096,0,3,0.098147,0.320188,0.950183,1,0
PUT,2,1,8192,16384,0,8,0.225464,4.22898,6.14873,1,1.50641
GET,2,1,8192,16384,0,3,0.112604,0.312843,0.937089,1,0
PUT,2,1,32768,65536,0,8,0.289731,4.3354,6.25066,1,1.5016
GET,2,1,32768,65536,0,3,0.170223,0.361214,1.09376,1,0
PUT,2,1,131072,262144,0,8,0.837868,4.70444,7.74109,1,1.50042
GET,2,1,131072,262144,0,3,0.309173,0.516489,1.42336,1,0
PUT,2,1,524288,1048576,0,8,3.07485,9.11281,14.8018,1,1.50011
GET,2,1,524288,1048576,0,3,1.2559,1.34718,3.98802,1,0
PUT,2,2,512,1024,0,8,0.17098,4.56243,6.55668,1,2.13672
GET,2,2,512,1024,0,4,0.111795,0.312986,0.941647,1,0
PUT,2,2,2048,4096,0,8,0.171218,4.73717,6.81227,1,2.03418
GET,2,2,2048,4096,0,4,0.102958,0.32134,1.02409,1,0
PUT,2,2,8192,16384,0,8,0.189202,4.52649,6.29104,1,2.00854
GET,2,2,8192,16384,0,4,0.112763,0.278229,0.975691,1,0
PUT,2,2,32768,65536,0,8,0.319077,4.50503,6.62786,1,2.00214
GET,2,2,32768,65536,0,4,0.145234,0.389995,1.07858,1,0
PUT,2,2,131072,262144,0,8,0.859104,7.62051,11.5791,1,2.00056
GET,2,2,131072,262144,0,4,0.258455,0.617302,1.49758,1,0
PUT,2,2,524288,1048576,0,8,4.06257,13.6364,20.5999,1,2.00014
GET,2,2,524288,1048576,0,4,1.26517,1.33145,3.51886,1,0
PUT,2,3,512,1024,0,8,0.190415,4.81855,7.03362,1,2.6709
GET,2,3,512,1024,0,5,0.108892,0.384954,1.00187,1,0
PUT,2,3,2048,4096,0,8,0.177298,4.99407,7.01848,1,2.54272
GET,2,3,2048,4096,0,5,0.120303,0.516936,1.07394,1,0
PUT,2,3,8192,16384,0,8,0.207507,7.01715,9.01819,1,2.51068
GET,2,3,8192,16384,0,5,0.119908,0.380961,1.03083,1,0
PUT,2,3,32768,65536,0,8,0.278528,4.91794,7.16127,1,2.50267
GET,2,3,32768,65536,0,5,0.1498,0.878368,1.4946,1,0
PUT,2,3,131072,262144,0,8,0.894383,5.99653,9.09102,1,2.50071
GET,2,3,131072,262144,0,5,0.294676,0.629264,1.50907,1,0
PUT,2,3,524288,1048576,0,8,3.98595,15.3721,22.3612,1,2.50018
GET,2,3,524288,1048576,0,5,1.45533,2.04949,4.42882,1,0
PUT,2,4,512,1024,0,8,0.181162,5.73611,8.16738,1,3.20508
GET,2,4,512,1024,0,6,0.108721,0.435096,1.07684,1,0
PUT,2,4,2048,4096,0,8,0.192397,5.92143,8.15694,1,3.05127
GET,2,4,2048,4096,0,6,0.109691,0.422502,0.9765,1,0
PUT,2,4,8192,16384,0,8,0.237318,7.83652,10.3897,1,3.01282
GET,2,4,8192,16384,0,6,0.135195,0.444442,1.07043,1,0
PUT,2,4,32768,65536,0,8,0.308537,5.83591,8.64948,1,3.0032
GET,2,4,32768,65536,0,6,0.176693,0.6919,1.39224,1,0
PUT,2,4,131072,262144,0,8,1.03741,7.95457,12.1613,1,3.00085
GET,2,4,131072,262144,0,6,0.338088,0.977818,1.96485,1,0
PUT,2,4,524288,1048576,0,8,6.55973,14.6018,24.5934,1,3.00021
GET,2,4,524288,1048576,0,6,1.7814,1.76485,4.49081,1,0
PUT,4,1,256,1024,0,8,0.182908,3.04888,5.04114,1,1.4209
GET,4,1,256,1024,0,5,0.100406,0.352784,0.907705,1,0
PUT,4,1,1024,4096,0,8,0.176948,3.19046,5.26058,1,1.29272
GET,4,1,1024,4096,0,5,0.105996,0.396486,1.01404,1,0
PUT,4,1,4096,16384,0,8,0.208895,3.06389,5.06867,1,1.26068
GET,4,1,4096,16384,0,5,0.129888,0.416575,1.09008,1,0
PUT,4,1,16384,65536,0,8,0.215916,2.81261,4.96418,1,1.25267
GET,4,1,16384,65536,0,5,0.139403,0.421207,1.09314,1,0
PUT,4,1,65536,262144,0,8,0.430158,4.4825,6.97349,1,1.25071
GET,4,1,65536,262144,0,5,0.228055,0.448381,1.3272,1,0
PUT,4,1,262144,1048576,0,8,2.0843,8.99265,14.7526,1,1.25018
GET,4,1,262144,1048576,0,5,1.03421,0.966452,3.02177,1,0
PUT,4,2,256,1024,0,8,0.187225,5.3644,7.83782,1,1.70508
GET,4,2,256,1024,0,6,0.145598,0.585501,1.20841,1,0
PUT,4,2,1024,4096,0,8,0.193797,5.83792,8.27897,1,1.55127
GET,4,2,1024,4096,0,6,0.112612,0.530369,1.13855,1,0
PUT,4,2,4096,16384,0,8,0.236979,3.9884,6.34488,1,1.51282
GET,4,2,4096,16384,0,6,0.114178,0.433932,1.0236,1,0
PUT,4,2,16384,65536,0,8,0.299729,3.77838,6.1565,1,1.5032
GET,4,2,16384,65536,0,6,0.134438,0.446692,1.08832,1,0
PUT,4,2,65536,262144,0,8,0.616989,5.27779,8.29613,1,1.50085
GET,4,2,65536,262144,0,6,0.375382,0.588254,1.56781,1,0
PUT,4,2,262144,1048576,0,8,2.72366,8.09055,13.5358,1,1.50021
GET,4,2,262144,1048576,0,6,1.32701,0.714376,3.03312,1,0
PUT,4,3,256,1024,0,8,0.202006,6.07482,8.65663,1,1.98926
GET,4,3,256,1024,0,7,0.115545,0.484951,1.07043,1,0
PUT,4,3,1024,4096,0,8,0.198395,6.14025,8.49582,1,1.80981
GET,4,3,1024,4096,0,7,0.114614,0.476314,0.973871,1,0
PUT,4,3,4096,16384,0,8,0.254929,6.17207,8.72009,1,1.76495
GET,4,3,4096,16384,0,7,0.118608,0.475901,1.11453,1,0
PUT,4,3,16384,65536,0,8,0.357312,8.10962,10.8011,1,1.75374
GET,4,3,16384,65536,0,7,0.154495,0.537852,1.22171,1,0
PUT,4,3,65536,262144,0,8,0.693754,7.02627,10.1529,1,1.75099
GET,4,3,65536,262144,0,7,0.326428,0.548992,1.49479,1,0
PUT,4,3,262144,1048576,0,8,2.7238,12.4282,18.5362,1,1.75025
GET,4,3,262144,1048576,0,7,1.36664,1.08403,3.39795,1,0
PUT,4,4,256,1024,0,8,0.203473,8.11588,10.8237,1,2.27344
GET,4,4,256,1024,0,8,0.12001,0.50303,1.04892,1,0
PUT,4,4,1024,4096,0,8,0.20156,7.08776,9.91134,1,2.06836
GET,4,4,1024,4096,0,8,0.120545,0.487959,1.15035,1,0
PUT,4,4,4096,16384,0,8,0.389046,8.97531,11.7231,1,2.01709
GET,4,4,4096,16384,0,8,0.14159,0.474783,1.04396,1,0
PUT,4,4,16384,65536,0,8,0.311742,7.2579,10.0095,1,2.00427
GET,4,4,16384,65536,0,8,0.183653,0.509679,1.33729,1,0
PUT,4,4,65536,262144,0,8,0.726368,8.24363,11.3046,1,2.00113
GET,4,4,65536,262144,0,8,0.280266,0.6266,1.48161,1,0
PUT,4,4,262144,1048576,0,8,3.10653,9.62122,15.9962,1,2.00028
GET,4,4,262144,1048576,0,8,1.27179,1.0246,3.37032,1,0
PUT,6,1,171,1024,0,8,0.195711,5.19826,7.83453,1,1.40137
GET,6,1,171,1024,0,7,0.119153,0.445256,1.02854,1,0
PUT,6,1,683,4096,0,8,0.190694,4.49049,8.22621,1,1.22705
GET,6,1,683,4096,0,7,0.117527,0.421109,1.09063,1,0
PUT,6,1,2731,16384,0,8,0.234433,3.69355,6.04418,1,1.18176
GET,6,1,2731,16384,0,7,0.123747,0.440572,1.64203,1,0
PUT,6,1,10923,65536,0,8,0.258271,6.1756,8.83915,1,1.17044
GET,6,1,10923,65536,0,7,0.146307,0.462869,1.10287,1,0
PUT,6,1,43691,262144,0,8,0.441445,4.15543,6.78364,1,1.16761
GET,6,1,43691,262144,0,7,0.205897,0.505488,1.3567,1,0
PUT,6,1,174763,1048576,0,8,2.09416,5.80293,10.7369,1,1.16692
GET,6,1,174763,1048576,0,7,1.04476,0.660215,2.68957,1,0
PUT,6,2,171,1024,0,8,0.203115,7.33849,9.7777,1,1.60156
GET,6,2,171,1024,0,8,0.114538,0.525654,1.21711,1,0
PUT,6,2,683,4096,0,8,0.209058,5.79018,8.3654,1,1.40234
GET,6,2,683,4096,0,8,0.119873,0.727633,1.34429,1,0
PUT,6,2,2731,16384,0,8,0.255772,5.99771,8.79322,1,1.35059
GET,6,2,2731,16384,0,8,0.123523,0.505926,1.23279,1,0
PUT,6,2,10923,65536,0,8,0.241363,7.18227,10.2046,1,1.33765
GET,6,2,10923,65536,0,8,0.149167,0.495854,1.1262,1,0
PUT,6,2,43691,262144,0,8,0.517511,6.88969,9.8527,1,1.33441
GET,6,2,43691,262144,0,8,0.245325,0.616587,1.48536,1,0
PUT,6,2,174763,1048576,0,8,2.03005,8.47048,13.6527,1,1.33362
GET,6,2,174763,1048576,0,8,1.18607,0.84432,3.05847,1,0
PUT,2,1,512,1024,0,8,0.25852,4.22332,6.5931,1,1.60254
GET,2,1,512,1024,0,3,0.104274,0.273826,1.05173,1,0
REPAIR,2,1,512,1024,1,3,0.037985,1.86047,6.23472,1,0
PUT,2,1,2048,4096,0,8,0.166442,2.33443,4.05296,1,1.52563
GET,2,1,2048,4096,0,3,0.095524,0.309509,0.893629,1,0
REPAIR,2,1,2048,4096,1,3,0.045885,1.94748,6.10184,1,0
PUT,2,1,8192,16384,0,8,0.221008,2.82662,4.6276,1,1.50641
GET,2,1,8192,16384,0,3,0.101098,0.248733,0.831869,1,0
REPAIR,2,1,8192,16384,1,3,0.06525,2.58744,6.90683,1,0
PUT,2,1,32768,65536,0,8,0.322499,2.49863,4.36791,1,1.5016
GET,2,1,32768,65536,0,3,0.13925,0.441518,1.01195,1,0
REPAIR,2,1,32768,65536,1,3,0.222308,2.00916,6.21601,1,0
PUT,2,1,131072,262144,0,8,0.966296,3.40054,6.153,1,1.50042
GET,2,1,131072,262144,0,3,0.316765,0.682915,1.57161,1,0
REPAIR,2,1,131072,262144,1,3,0.741053,3.65516,8.66565,1,0
PUT,2,1,524288,1048576,0,8,3.03317,4.87217,10.2529,1,1.50011
GET,2,1,524288,1048576,0,3,1.39172,0.896049,3.26819,1,0
REPAIR,2,1,524288,1048576,1,3,2.97805,5.88816,13.8326,1,0
PUT,2,2,512,1024,0,8,0.160597,2.80652,4.57358,1,2.13672
GET,2,2,512,1024,0,4,0.096701,0.394981,0.922442,1,0
REPAIR,2,2,512,1024,1,4,0.042864,1.97316,6.23531,1,0
PUT,2,2,2048,4096,0,8,0.173167,2.85048,4.64807,1,2.03418
GET,2,2,2048,4096,0,4,0.099823,0.311567,1.33934,1,0
REPAIR,2,2,2048,4096,1,4,0.047031,2.32468,6.69197,1,0
PUT,2,2,8192,16384,0,8,0.222228,1.90409,3.73551,1,2.00854
GET,2,2,8192,16384,0,4,0.103708,0.293638,0.842734,1,0
REPAIR,2,2,8192,16384,1,4,0.068173,1.99829,6.24008,1,0
PUT,2,2,32768,65536,0,8,0.343465,5.33596,7.50169,1,2.00214
GET,2,2,32768,65536,0,4,0.145351,0.362757,1.05032,1,0
REPAIR,2,2,32768,65536,1,4,0.154828,1.89607,6.18932,1,0
PUT,2,2,131072,262144,0,8,0.820955,5.47954,8.23524,1,2.00056
GET,2,2,131072,262144,0,4,0.261143,0.492089,1.39708,1,0
REPAIR,2,2,131072,262144,1,4,0.699176,2.19323,8.07663,1,0
PUT,2,2,524288,1048576,0,8,3.43459,7.03398,13.5896,1,2.00014
GET,2,2,524288,1048576,0,4,1.15621,0.973042,3.1199,1,0
REPAIR,2,2,524288,1048576,1,4,3.50503,5.07679,14.1125,1,0
PUT,2,3,512,1024,0,8,0.175892,3.79713,5.86109,1,2.6709
GET,2,3,512,1024,0,5,0.107085,0.542199,0.999303,1,0
REPAIR,2,3,512,1024,1,5,0.047373,2.0508,6.43577,1,0
PUT,2,3,2048,4096,0,8,0.181524,2.91879,4.99842,1,2.54272
GET,2,3,2048,4096,0,5,0.106628,0.350763,0.9663,1,0
REPAIR,2,3,2048,4096,1,5,0.057503,1.99759,6.47014,1,0
PUT,2,3,8192,16384,0,8,0.184022,4.52203,6.60462,1,2.51068
GET,2,3,8192,16384,0,5,0.114624,0.418869,0.973809,1,0
REPAIR,2,3,8192,16384,1,5,0.067335,2.46592,7.36026,1,0
PUT,2,3,32768,65536,0,8,0.301834,3.74557,6.01496,1,2.50267
GET,2,3,32768,65536,0,5,0.171758,0.482565,1.21614,1,0
REPAIR,2,3,32768,65536,1,5,0.141406,1.98445,6.71022,1,0
PUT,2,3,131072,262144,0,8,1.00731,6.32766,12.2879,1,2.50071
GET,2,3,131072,262144,0,5,0.615472,1.01809,3.10776,1,0
REPAIR,2,3,131072,262144,1,5,1.57808,3.02524,12.3642,1,0
PUT,2,3,524288,1048576,0,8,5.82544,11.1768,20.6703,1,2.50018
GET,2,3,524288,1048576,0,5,1.57784,1.75097,4.35777,1,0
REPAIR,2,3,524288,1048576,1,5,4.25771,4.89187,15.0958,1,0
PUT,2,4,512,1024,0,8,0.221788,4.86267,7.17541,1,3.20508
GET,2,4,512,1024,0,6,0.108105,0.412168,1.0162,1,0
REPAIR,2,4,512,1024,1,6,0.046051,2.11485,7.02201,1,0
PUT,2,4,2048,4096,0,8,0.194216,7.04513,9.1298,1,3.05127
GET,2,4,2048,4096,0,6,0.110474,0.432441,0.96115,1,0
REPAIR,2,4,2048,4096,1,6,0.060627,2.77832,7.53855,1,0
PUT,2,4,8192,16384,0,8,0.228072,5.1028,7.37885,1,3.01282
GET,2,4,8192,16384,0,6,0.12234,0.431292,1.00975,1,0
REPAIR,2,4,8192,16384,1,6,0.083079,2.07106,6.81829,1,0
PUT,2,4,32768,65536,0,8,0.304282,4.85008,7.20591,1,3.0032
GET,2,4,32768,65536,0,6,0.185837,0.481645,1.17324,1,0
REPAIR,2,4,32768,65536,1,6,0.156273,5.40634,10.3839,1,0
PUT,2,4,131072,262144,0,8,1.24875,5.33969,9.18326,1,3.00085
GET,2,4,131072,262144,0,6,0.357028,0.604623,1.60042,1,0
REPAIR,2,4,131072,262144,1,6,0.861992,2.58212,8.81265,1,0
PUT,2,4,524288,1048576,0,8,4.81417,11.0231,19.3048,1,3.00021
GET,2,4,524288,1048576,0,6,1.70102,1.63475,4.29472,1,0
REPAIR,2,4,524288,1048576,1,6,4.51025,4.5916,15.772,1,0
PUT,4,1,256,1024,0,8,0.174578,4.41507,6.41747,1,1.4209
GET,4,1,256,1024,0,5,0.11038,0.479154,1.07797,1,0
REPAIR,4,1,256,1024,1,5,0.042713,2.25233,6.86815,1,0
PUT,4,1,1024,4096,0,8,0.172978,4.29147,6.4828,1,1.29272
GET,4,1,1024,4096,0,5,0.107701,0.542853,1.15559,1,0
REPAIR,4,1,1024,4096,1,5,0.04778,2.38419,6.87053,1,0
PUT,4,1,4096,16384,0,8,0.204513,4.438,6.69447,1,1.26068
GET,4,1,4096,16384,0,5,0.149072,0.386734,1.04845,1,0
REPAIR,4,1,4096,16384,1,5,0.070939,2.84133,7.38954,1,0
PUT,4,1,16384,65536,0,8,0.232952,3.20604,5.43785,1,1.25267
GET,4,1,16384,65536,0,5,0.138288,0.387004,1.16588,1,0
REPAIR,4,1,16384,65536,1,5,0.112358,2.00386,7.03955,1,0
PUT,4,1,65536,262144,0,8,0.473692,5.69201,8.23026,1,1.25071
GET,4,1,65536,262144,0,5,0.213534,0.461998,1.22781,1,0
REPAIR,4,1,65536,262144,1,5,0.352439,2.34455,7.60255,1,0
PUT,4,1,262144,1048576,0,8,1.98697,7.4938,11.8174,1,1.25018
GET,4,1,262144,1048576,0,5,0.956116,0.975406,2.95679,1,0
REPAIR,4,1,262144,1048576,1,5,2.70303,3.06948,11.1328,1,0
PUT,4,2,256,1024,0,8,0.182538,4.0698,6.25919,1,1.70508
GET,4,2,256,1024,0,6,0.108944,0.518715,1.0916,1,0
REPAIR,4,2,256,1024,1,6,0.045357,2.07144,6.78183,1,0
PUT,4,2,1024,4096,0,8,0.180224,5.7086,8.08355,1,1.55127
GET,4,2,1024,4096,0,6,0.113345,0.407927,1.07378,1,0
REPAIR,4,2,1024,4096,1,6,0.053174,2.10902,7.16656,1,0
PUT,4,2,4096,16384,0,8,0.226641,4.19766,6.43374,1,1.51282
GET,4,2,4096,16384,0,6,0.11353,0.383045,0.951891,1,0
REPAIR,4,2,4096,16384,1,6,0.0672,2.05563,7.06547,1,0
PUT,4,2,16384,65536,0,8,0.227767,3.95364,6.60054,1,1.5032
GET,4,2,16384,65536,0,6,0.144076,0.45766,1.17717,1,0
REPAIR,4,2,16384,65536,1,6,0.120311,2.12039,7.17401,1,0
PUT,4,2,65536,262144,0,8,0.554086,6.24946,9.10959,1,1.50085
GET,4,2,65536,262144,0,6,0.311802,0.512225,1.42462,1,0
REPAIR,4,2,65536,262144,1,6,0.624369,2.28846,7.83009,1,0
PUT,4,2,262144,1048576,0,8,2.2799,7.2623,12.8227,1,1.50021
GET,4,2,262144,1048576,0,6,1.15451,0.872061,3.09957,1,0
REPAIR,4,2,262144,1048576,1,6,2.88537,3.07103,11.6548,1,0
PUT,4,3,256,1024,0,8,0.195395,5.37615,7.83255,1,1.98926
GET,4,3,256,1024,0,7,0.118417,0.529027,1.31839,1,0
REPAIR,4,3,256,1024,1,7,0.05623,2.13136,7.31137,1,0
PUT,4,3,1024,4096,0,8,0.193091,5.72661,8.32264,1,1.80981
GET,4,3,1024,4096,0,7,0.120081,0.51698,1.14777,1,0
REPAIR,4,3,1024,4096,1,7,0.059863,2.07935,7.42116,1,0
PUT,4,3,4096,16384,0,8,0.207971,6.23226,8.79607,1,1.76495
GET,4,3,4096,16384,0,7,0.125506,0.50676,1.05008,1,0
REPAIR,4,3,4096,16384,1,7,0.083199,2.06405,7.23075,1,0
PUT,4,3,16384,65536,0,8,0.289729,6.53104,8.9238,1,1.75374
GET,4,3,16384,65536,0,7,0.154624,0.478,1.09054,1,0
REPAIR,4,3,16384,65536,1,7,0.141492,1.87313,7.1538,1,0
PUT,4,3,65536,262144,0,8,0.63573,5.99566,9.29004,1,1.75099
GET,4,3,65536,262144,0,7,0.326713,0.529938,2.14463,1,0
REPAIR,4,3,65536,262144,1,7,0.590024,3.53036,9.24972,1,0
PUT,4,3,262144,1048576,0,8,2.69883,8.22333,14.0528,1,1.75025
GET,4,3,262144,1048576,0,7,1.27094,0.97953,3.22707,1,0
REPAIR,4,3,262144,1048576,1,7,2.89541,3.04753,12.8573,1,0
PUT,4,4,256,1024,0,8,0.201431,4.95039,7.30316,1,2.27344
GET,4,4,256,1024,0,8,0.116117,0.491942,1.10251,1,0
REPAIR,4,4,256,1024,1,8,0.050167,2.06538,7.24148,1,0
PUT,4,4,1024,4096,0,8,0.207156,6.96344,9.75222,1,2.06836
GET,4,4,1024,4096,0,8,0.118405,0.50181,1.09627,1,0
REPAIR,4,4,1024,4096,1,8,0.064604,2.48354,9.52893,1,0
PUT,4,4,4096,16384,0,8,0.215245,6.60054,9.2084,1,2.01709
GET,4,4,4096,16384,0,8,0.124987,0.488123,1.04857,1,0
REPAIR,4,4,4096,16384,1,8,0.08041,2.00022,7.13597,1,0
PUT,4,4,16384,65536,0,8,0.295028,9.40679,12.2759,1,2.00427
GET,4,4,16384,65536,0,8,0.164804,0.531195,1.21483,1,0
REPAIR,4,4,16384,65536,1,8,0.139018,2.11116,7.60263,1,0
PUT,4,4,65536,262144,0,8,0.771009,6.48549,9.79622,1,2.00113
GET,4,4,65536,262144,0,8,0.268732,0.588042,1.41825,1,0
REPAIR,4,4,65536,262144,1,8,0.619382,5.90521,12.5125,1,0
PUT,4,4,262144,1048576,0,8,3.92633,10.276,17.7316,1,2.00028
GET,4,4,262144,1048576,0,8,1.6721,1.27878,3.92498,1,0
REPAIR,4,4,262144,1048576,1,8,4.03243,3.37622,14.7932,1,0
PUT,6,1,171,1024,0,8,0.197411,5.40266,8.07638,1,1.40137
GET,6,1,171,1024,0,7,0.115613,0.470175,1.45346,1,0
REPAIR,6,1,171,1024,1,7,0.049803,2.21573,7.27252,1,0
PUT,6,1,683,4096,0,8,0.224126,5.48724,7.94574,1,1.22705
GET,6,1,683,4096,0,7,0.117435,0.532868,1.33365,1,0
REPAIR,6,1,683,4096,1,7,0.054727,2.17091,7.00954,1,0
PUT,6,1,2731,16384,0,8,0.196071,4.8125,7.09054,1,1.18176
GET,6,1,2731,16384,0,7,0.126157,0.534657,1.1901,1,0
REPAIR,6,1,2731,16384,1,7,0.072902,1.99451,7.79468,1,0
PUT,6,1,10923,65536,0,8,0.274442,6.84869,9.04798,1,1.17044
GET,6,1,10923,65536,0,7,0.13844,0.529175,1.1285,1,0
REPAIR,6,1,10923,65536,1,7,0.125825,2.03287,7.29569,1,0
PUT,6,1,43691,262144,0,8,0.47524,5.78291,8.86593,1,1.16761
GET,6,1,43691,262144,0,7,0.221985,0.517228,1.37814,1,0
REPAIR,6,1,43691,262144,1,7,0.367092,2.24853,7.28794,1,0
PUT,6,1,174763,1048576,0,8,1.87763,6.87207,11.6676,1,1.16692
GET,6,1,174763,1048576,0,7,1.22726,0.755585,2.94368,1,0
REPAIR,6,1,174763,1048576,1,7,2.70018,3.31212,11.7838,1,0
PUT,6,2,171,1024,0,8,0.203535,6.53105,9.19099,1,1.60156
GET,6,2,171,1024,0,8,0.119897,0.523708,1.17543,1,0
REPAIR,6,2,171,1024,1,8,0.053748,2.16905,8.78672,1,0
PUT,6,2,683,4096,0,8,0.198463,5.1033,7.66585,1,1.40234
GET,6,2,683,4096,0,8,0.119061,0.529001,1.13452,1,0
REPAIR,6,2,683,4096,1,8,0.054779,2.21729,7.95267,1,0
PUT,6,2,2731,16384,0,8,0.21222,5.75054,12.2679,1,1.35059
GET,6,2,2731,16384,0,8,0.131882,0.599211,1.3575,1,0
REPAIR,6,2,2731,16384,1,8,0.078339,2.21209,7.55988,1,0
PUT,6,2,10923,65536,0,8,0.281898,6.5724,9.26495,1,1.33765
GET,6,2,10923,65536,0,8,0.141799,0.514657,1.15002,1,0
REPAIR,6,2,10923,65536,1,8,0.140959,2.30609,8.15886,1,0
PUT,6,2,43691,262144,0,8,0.52756,7.98252,10.9006,1,1.33441
GET,6,2,43691,262144,0,8,0.215891,0.589294,1.36231,1,0
REPAIR,6,2,43691,262144,1,8,0.404289,2.37906,8.49877,1,0
PUT,6,2,174763,1048576,0,8,2.02917,7.79626,13.2378,1,1.33362
GET,6,2,174763,1048576,0,8,1.08335,0.724913,2.73622,1,0
REPAIR,6,2,174763,1048576,1,8,2.49912,2.82027,11.7878,1,0
PUT,2,1,512,1024,0,8,0.18192,2.52491,4.61496,1,1.60254
GET,2,1,512,1024,0,3,0.096987,0.273052,1.03717,1,0
REPAIR,2,1,512,1024,2,3,0,0,1.0734,0,0
PUT,2,1,2048,4096,0,8,0.167175,2.04976,4.06928,1,1.52563
GET,2,1,2048,4096,0,3,0.100819,0.312593,0.884317,1,0
REPAIR,2,1,2048,4096,2,3,0,0,0.951565,0,0
PUT,2,1,8192,16384,0,8,0.197166,1.78375,3.68641,1,1.50641
GET,2,1,8192,16384,0,3,0.111373,0.282235,0.852294,1,0
REPAIR,2,1,8192,16384,2,3,0,0,1.22298,0,0
PUT,2,1,32768,65536,0,8,0.395503,2.35608,4.61696,1,1.5016
GET,2,1,32768,65536,0,3,0.138089,0.35311,1.04184,1,0
REPAIR,2,1,32768,65536,2,3,0,0,0.955748,0,0
PUT,2,1,131072,262144,0,8,0.879805,3.44966,6.20398,1,1.50042
GET,2,1,131072,262144,0,3,0.339636,0.522294,1.55238,1,0
REPAIR,2,1,131072,262144,2,3,0,0,1.06521,0,0
PUT,2,1,524288,1048576,0,8,3.97147,6.00975,12.7091,1,1.50011
GET,2,1,524288,1048576,0,3,2.08176,1.20176,4.25252,1,0
REPAIR,2,1,524288,1048576,2,3,0,0,1.10161,0,0
PUT,2,2,512,1024,0,8,0.159955,2.50422,4.53902,1,2.13672
GET,2,2,512,1024,0,4,0.111259,0.352623,0.951269,1,0
REPAIR,2,2,512,1024,2,4,0.052177,2.43747,7.19559,1,0
PUT,2,2,2048,4096,0,8,0.15814,2.20784,4.22507,1,2.03418
GET,2,2,2048,4096,0,4,0.105831,0.306077,0.875954,1,0
REPAIR,2,2,2048,4096,2,4,0.059107,2.62429,6.74146,1,0
PUT,2,2,8192,16384,0,8,0.201734,4.9392,6.90485,1,2.00854
GET,2,2,8192,16384,0,4,0.115231,0.301744,0.980564,1,0
REPAIR,2,2,8192,16384,2,4,0.079297,1.90351,7.77594,1,0
PUT,2,2,32768,65536,0,8,0.28717,2.03379,4.07615,1,2.00214
GET,2,2,32768,65536,0,4,0.130437,0.342041,0.938875,1,0
REPAIR,2,2,32768,65536,2,4,0.154873,2.30208,7.00664,1,0
PUT,2,2,131072,262144,0,8,0.80504,3.8721,6.57768,1,2.00056
GET,2,2,131072,262144,0,4,0.254284,0.505687,1.39835,1,0
REPAIR,2,2,131072,262144,2,4,1.08729,3.55936,9.32809,1,0
PUT,2,2,524288,1048576,0,8,3.84499,6.81097,13.1389,1,2.00014
GET,2,2,524288,1048576,0,4,1.50034,0.952754,3.34969,1,0
REPAIR,2,2,524288,1048576,2,4,3.57538,5.68828,14.301,1,0
PUT,2,3,512,1024,0,8,0.178635,4.30826,7.23043,1,2.6709
GET,2,3,512,1024,0,5,0.102264,0.409507,1.00957,1,0
REPAIR,2,3,512,1024,2,5,0.052117,2.31189,7.11681,1,0
PUT,2,3,2048,4096,0,8,0.169023,3.21765,5.22346,1,2.54272
GET,2,3,2048,4096,0,5,0.106441,0.475504,1.04116,1,0
REPAIR,2,3,2048,4096,2,5,0.058012,2.23154,6.25917,1,0
PUT,2,3,8192,16384,0,8,0.203121,3.4347,6.16004,1,2.51068
GET,2,3,8192,16384,0,5,0.120296,0.409,1.01828,1,0
REPAIR,2,3,8192,16384,2,5,0.085879,1.73239,7.37929,1,0
PUT,2,3,32768,65536,0,8,0.251334,3.44265,5.35509,1,2.50267
GET,2,3,32768,65536,0,5,0.140096,0.437106,0.978062,1,0
REPAIR,2,3,32768,65536,2,5,0.162762,2.25886,6.93204,1,0
PUT,2,3,131072,262144,0,8,0.972931,4.31121,7.30984,1,2.50071
GET,2,3,131072,262144,0,5,0.284489,0.606683,1.43266,1,0
REPAIR,2,3,131072,262144,2,5,0.770505,3.26682,8.71325,1,0
PUT,2,3,524288,1048576,0,8,3.87602,8.49308,15.5679,1,2.50018
GET,2,3,524288,1048576,0,5,1.47666,1.55583,3.9543,1,0
REPAIR,2,3,524288,1048576,2,5,4.01301,5.19429,15.6025,1,0
PUT,2,4,512,1024,0,8,0.196124,5.76154,8.17106,1,3.20508
GET,2,4,512,1024,0,6,0.111052,1.34514,2.01239,1,0
REPAIR,2,4,512,1024,2,6,0.05343,1.96807,6.56841,1,0
PUT,2,4,2048,4096,0,8,0.179819,4.53257,6.50687,1,3.05127
GET,2,4,2048,4096,0,6,0.108955,0.410428,1.03308,1,0
REPAIR,2,4,2048,4096,2,6,0.061823,2.89539,7.83242,1,0
PUT,2,4,8192,16384,0,8,0.255736,4.34379,6.54567,1,3.01282
GET,2,4,8192,16384,0,6,0.119831,0.422423,1.0452,1,0
REPAIR,2,4,8192,16384,2,6,0.088331,2.03347,6.7017,1,0
PUT,2,4,32768,65536,0,8,0.279343,4.15016,6.69179,1,3.0032
GET,2,4,32768,65536,0,6,0.166084,0.584702,1.30421,1,0
REPAIR,2,4,32768,65536,2,6,0.170088,1.97155,6.68051,1,0
PUT,2,4,131072,262144,0,8,1.00542,6.85747,10.4193,1,3.00085
GET,2,4,131072,262144,0,6,0.362802,0.877811,1.93708,1,0
REPAIR,2,4,131072,262144,2,6,0.922733,2.97009,8.9023,1,0
PUT,2,4,524288,1048576,0,8,6.96896,10.6747,26.168,1,3.00021
GET,2,4,524288,1048576,0,6,1.77974,1.5328,4.20887,1,0
REPAIR,2,4,524288,1048576,2,6,4.82541,5.79888,17.4449,1,0
PUT,4,1,256,1024,0,8,0.17207,2.85272,4.77838,1,1.4209
GET,4,1,256,1024,0,5,0.117953,0.37069,1.00782,1,0
REPAIR,4,1,256,1024,2,5,0,0,1.2456,0,0
PUT,4,1,1024,4096,0,8,0.176154,4.2963,6.45933,1,1.29272
GET,4,1,1024,4096,0,5,0.108595,0.368703,0.944557,1,0
REPAIR,4,1,1024,4096,2,5,0,0,1.31113,0,0
PUT,4,1,4096,16384,0,8,0.221529,4.3714,6.44316,1,1.26068
GET,4,1,4096,16384,0,5,0.109048,0.353023,0.940097,1,0
REPAIR,4,1,4096,16384,2,5,0,0,1.09416,0,0
PUT,4,1,16384,65536,0,8,0.25748,4.32638,6.48824,1,1.25267
GET,4,1,16384,65536,0,5,0.126858,0.473203,1.15372,1,0
REPAIR,4,1,16384,65536,2,5,0,0,1.44197,0,0
PUT,4,1,65536,262144,0,8,0.465028,5.12117,7.81825,1,1.25071
GET,4,1,65536,262144,0,5,0.216041,0.503501,1.31489,1,0
REPAIR,4,1,65536,262144,2,5,0,0,1.39091,0,0
PUT,4,1,262144,1048576,0,8,1.90823,5.51971,9.85213,1,1.25018
GET,4,1,262144,1048576,0,5,1.08156,0.918239,2.96395,1,0
REPAIR,4,1,262144,1048576,2,5,0,0,1.53074,0,0
PUT,4,2,256,1024,0,8,0.189924,3.34394,6.08146,1,1.70508
GET,4,2,256,1024,0,6,0.108636,0.495476,1.02393,1,0
REPAIR,4,2,256,1024,2,6,0.05404,6.16057,11.0383,1,0
PUT,4,2,1024,4096,0,8,0.191863,4.8452,6.99581,1,1.55127
GET,4,2,1024,4096,0,6,0.117875,0.554595,1.21075,1,0
REPAIR,4,2,1024,4096,2,6,0.062612,2.65272,7.60028,1,0
PUT,4,2,4096,16384,0,8,0.2114,4.79021,6.96815,1,1.51282
GET,4,2,4096,16384,0,6,0.12102,0.441611,1.22489,1,0
REPAIR,4,2,4096,16384,2,6,0.083152,1.94145,6.77352,1,0
PUT,4,2,16384,65536,0,8,0.241048,4.94797,7.25965,1,1.5032
GET,4,2,16384,65536,0,6,0.140084,0.396329,1.1268,1,0
REPAIR,4,2,16384,65536,2,6,0.132966,2.38091,7.66564,1,0
PUT,4,2,65536,262144,0,8,0.582578,4.97089,7.93763,1,1.50085
GET,4,2,65536,262144,0,6,0.315632,0.46385,1.43725,1,0
REPAIR,4,2,65536,262144,2,6,0.601988,3.44111,9.93371,1,0
PUT,4,2,262144,1048576,0,8,2.37778,9.68023,14.7222,1,1.50021
GET,4,2,262144,1048576,0,6,1.31241,0.789974,3.184,1,0
REPAIR,4,2,262144,1048576,2,6,3.07658,4.90091,13.5427,1,0
PUT,4,3,256,1024,0,8,0.190404,4.99479,8.47444,1,1.98926
GET,4,3,256,1024,0,7,0.114038,0.632084,1.33345,1,0
REPAIR,4,3,256,1024,2,7,0.056114,2.779,12.3913,1,0
PUT,4,3,1024,4096,0,8,0.216532,6.59416,9.62856,1,1.80981
GET,4,3,1024,4096,0,7,0.116628,0.523446,1.11637,1,0
REPAIR,4,3,1024,4096,2,7,0.063933,2.42674,7.30797,1,0
PUT,4,3,4096,16384,0,8,0.248677,5.91785,8.49338,1,1.76495
GET,4,3,4096,16384,0,7,0.12271,0.486008,1.11523,1,0
REPAIR,4,3,4096,16384,2,7,0.086335,2.01146,7.52644,1,0
PUT,4,3,16384,65536,0,8,0.287603,6.57093,9.20515,1,1.75374
GET,4,3,16384,65536,0,7,0.143201,0.46226,1.14586,1,0
REPAIR,4,3,16384,65536,2,7,0.135645,2.64426,8.41669,1,0
PUT,4,3,65536,262144,0,8,0.61686,6.34644,9.23724,1,1.75099
GET,4,3,65536,262144,0,7,0.318898,0.487116,1.51751,1,0
REPAIR,4,3,65536,262144,2,7,0.637214,2.31928,8.71523,1,0
PUT,4,3,262144,1048576,0,8,2.90227,6.03716,11.9407,1,1.75025
GET,4,3,262144,1048576,0,7,1.36708,0.818065,3.1986,1,0
REPAIR,4,3,262144,1048576,2,7,3.38241,3.58307,12.9262,1,0
PUT,4,4,256,1024,0,8,0.20129,4.31269,6.59983,1,2.27344
GET,4,4,256,1024,0,8,0.147145,0.503574,1.13854,1,0
REPAIR,4,4,256,1024,2,8,0.057738,2.39443,7.89336,1,0
PUT,4,4,1024,4096,0,8,0.202875,5.49526,8.06696,1,2.06836
GET,4,4,1024,4096,0,8,0.116786,0.56752,1.55214,1,0
REPAIR,4,4,1024,4096,2,8,0.070202,2.69294,8.08595,1,0
PUT,4,4,4096,16384,0,8,0.238669,6.36946,8.94536,1,2.01709
GET,4,4,4096,16384,0,8,0.122625,0.455585,1.08688,1,0
REPAIR,4,4,4096,16384,2,8,0.091905,2.82649,8.36076,1,0
PUT,4,4,16384,65536,0,8,0.283587,5.76166,9.50179,1,2.00427
GET,4,4,16384,65536,0,8,0.143636,0.575664,1.29185,1,0
REPAIR,4,4,16384,65536,2,8,0.141059,2.10505,7.7552,1,0
PUT,4,4,65536,262144,0,8,0.798254,6.54073,9.60112,1,2.00113
GET,4,4,65536,262144,0,8,0.277273,0.704695,1.60814,1,0
REPAIR,4,4,65536,262144,2,8,0.675196,2.53689,8.81789,1,0
PUT,4,4,262144,1048576,0,8,2.95322,8.77711,15.0411,1,2.00028
GET,4,4,262144,1048576,0,8,1.29451,1.12078,3.37875,1,0
REPAIR,4,4,262144,1048576,2,8,3.32489,4.04086,13.3309,1,0
PUT,6,1,171,1024,0,8,0.19998,6.45759,8.84262,1,1.40137
GET,6,1,171,1024,0,7,0.11415,0.484896,1.03676,1,0
REPAIR,6,1,171,1024,2,7,0,0,1.58104,0,0
PUT,6,1,683,4096,0,8,0.195551,4.0121,6.23658,1,1.22705
GET,6,1,683,4096,0,7,0.109653,0.508508,1.19284,1,0
REPAIR,6,1,683,4096,2,7,0,0,1.56012,0,0
PUT,6,1,2731,16384,0,8,0.20276,4.78488,7.20747,1,1.18176
GET,6,1,2731,16384,0,7,0.126105,0.516923,1.1487,1,0
REPAIR,6,1,2731,16384,2,7,0,0,1.69433,0,0
PUT,6,1,10923,65536,0,8,0.23378,3.98378,6.77633,1,1.17044
GET,6,1,10923,65536,0,7,0.138406,0.516131,1.20074,1,0
REPAIR,6,1,10923,65536,2,7,0,0,1.87176,0,0
PUT,6,1,43691,262144,0,8,0.471638,5.03334,8.13589,1,1.16761
GET,6,1,43691,262144,0,7,0.235317,0.856882,1.64642,1,0
REPAIR,6,1,43691,262144,2,7,0,0,1.60326,0,0
PUT,6,1,174763,1048576,0,8,2.37372,8.08551,14.0098,1,1.16692
GET,6,1,174763,1048576,0,7,1.06965,0.675289,2.74921,1,0
REPAIR,6,1,174763,1048576,2,7,0,0,2.68526,0,0
PUT,6,2,171,1024,0,8,0.21453,5.83512,8.68501,1,1.60156
GET,6,2,171,1024,0,8,0.118121,1.33951,1.93403,1,0
REPAIR,6,2,171,1024,2,8,0.059586,2.58825,7.91481,1,0
PUT,6,2,683,4096,0,8,0.203119,6.35622,8.96349,1,1.40234
GET,6,2,683,4096,0,8,0.117275,0.527584,1.16505,1,0
REPAIR,6,2,683,4096,2,8,0.066505,2.20351,8.01419,1,0
PUT,6,2,2731,16384,0,8,0.210195,5.96572,8.64063,1,1.35059
GET,6,2,2731,16384,0,8,0.120449,0.484092,1.15122,1,0
REPAIR,6,2,2731,16384,2,8,0.090935,3.39235,9.18461,1,0
PUT,6,2,10923,65536,0,8,0.272975,4.9092,7.78476,1,1.33765
GET,6,2,10923,65536,0,8,0.140518,0.506232,1.19831,1,0
REPAIR,6,2,10923,65536,2,8,0.154624,2.14739,9.29284,1,0
PUT,6,2,43691,262144,0,8,0.550105,5.79541,8.63634,1,1.33441
GET,6,2,43691,262144,0,8,0.346297,0.567305,1.62875,1,0
REPAIR,6,2,43691,262144,2,8,0.554161,2.69429,9.50544,1,0
PUT,6,2,174763,1048576,0,8,1.88874,8.00509,12.828,1,1.33362
GET,6,2,174763,1048576,0,8,1.07335,0.779859,2.80843,1,0
REPAIR,6,2,174763,1048576,2,8,2.50241,2.99904,11.5672,1,0
PUT,2,1,512,1024,0,12,0.179973,11.8047,14.5211,1,1.60254
GET,2,1,512,1024,0,3,0.101727,0.428794,1.17343,1,0
PUT,2,1,2048,4096,0,12,0.156473,4.24176,6.14488,1,1.52563
GET,2,1,2048,4096,0,3,0.096176,0.421646,1.09547,1,0
PUT,2,1,8192,16384,0,12,0.199995,6.77267,8.60757,1,1.50641
GET,2,1,8192,16384,0,3,0.112276,0.371918,1.23397,1,0
PUT,2,1,32768,65536,0,12,0.303068,4.79725,7.29346,1,1.5016
GET,2,1,32768,65536,0,3,0.137339,0.39893,1.06746,1,0
PUT,2,1,131072,262144,0,12,0.833316,7.21954,9.86728,1,1.50042
GET,2,1,131072,262144,0,3,0.317727,0.5826,1.48504,1,0
PUT,2,1,524288,1048576,0,12,2.88988,9.31058,14.7332,1,1.50011
GET,2,1,524288,1048576,0,3,1.20315,1.61763,3.7293,1,0
PUT,2,2,512,1024,0,12,0.165202,6.27483,8.3664,1,2.13672
GET,2,2,512,1024,0,4,0.114167,0.585343,1.17507,1,0
PUT,2,2,2048,4096,0,12,0.16774,4.97459,7.12717,1,2.03418
GET,2,2,2048,4096,0,4,0.112034,0.36237,0.97238,1,0
PUT,2,2,8192,16384,0,12,0.190819,4.4439,6.33178,1,2.00854
GET,2,2,8192,16384,0,4,0.171527,0.353622,1.1313,1,0
PUT,2,2,32768,65536,0,12,0.280509,5.85697,8.64526,1,2.00214
GET,2,2,32768,65536,0,4,0.139363,0.399365,0.990817,1,0
PUT,2,2,131072,262144,0,12,0.840793,5.46445,8.09882,1,2.00056
GET,2,2,131072,262144,0,4,0.259324,0.502297,1.26333,1,0
PUT,2,2,524288,1048576,0,12,3.53892,9.59798,16.0425,1,2.00014
GET,2,2,524288,1048576,0,4,1.2024,1.1599,3.31771,1,0
PUT,2,3,512,1024,0,12,0.178421,4.94309,7.09976,1,2.6709
GET,2,3,512,1024,0,5,0.117878,0.610863,1.87587,1,0
PUT,2,3,2048,4096,0,12,0.171079,5.94778,8.07894,1,2.54272
GET,2,3,2048,4096,0,5,0.113717,0.368743,0.935524,1,0
PUT,2,3,8192,16384,0,12,0.222267,5.99275,8.51571,1,2.51068
GET,2,3,8192,16384,0,5,0.122805,0.408626,0.992163,1,0
PUT,2,3,32768,65536,0,12,0.295412,5.10256,7.59053,1,2.50267
GET,2,3,32768,65536,0,5,0.15786,0.431217,1.19855,1,0
PUT,2,3,131072,262144,0,12,0.900462,7.17676,10.7237,1,2.50071
GET,2,3,131072,262144,0,5,0.304184,0.547548,1.38242,1,0
PUT,2,3,524288,1048576,0,12,4.35143,14.0312,23.7983,1,2.50018
GET,2,3,524288,1048576,0,5,2.60125,2.19573,6.16262,1,0
PUT,2,4,512,1024,0,12,0.27764,7.6096,11.5243,1,3.20508
GET,2,4,512,1024,0,6,0.121419,0.737754,1.63657,1,0
PUT,2,4,2048,4096,0,12,0.207372,5.84117,8.25359,1,3.05127
GET,2,4,2048,4096,0,6,0.120245,0.513258,1.10353,1,0
PUT,2,4,8192,16384,0,12,0.213622,5.59769,7.88471,1,3.01282
GET,2,4,8192,16384,0,6,0.122428,0.497197,1.09464,1,0
PUT,2,4,32768,65536,0,12,0.401082,6.99826,9.59765,1,3.0032
GET,2,4,32768,65536,0,6,0.163916,0.548673,1.28539,1,0
PUT,2,4,131072,262144,0,12,1.00777,6.13071,9.72387,1,3.00085
GET,2,4,131072,262144,0,6,0.458555,0.767652,1.82969,1,0
PUT,2,4,524288,1048576,0,12,5.17566,11.5632,20.5409,1,3.00021
GET,2,4,524288,1048576,0,6,1.8822,1.76669,4.60954,1,0
PUT,4,1,256,1024,0,12,0.173195,4.63041,7.04693,1,1.4209
GET,4,1,256,1024,0,5,0.111824,0.544003,1.46833,1,0
PUT,4,1,1024,4096,0,12,0.1686,4.71632,7.4239,1,1.29272
GET,4,1,1024,4096,0,5,0.113399,0.610936,1.38955,1,0
PUT,4,1,4096,16384,0,12,0.219157,4.34086,6.66816,1,1.26068
GET,4,1,4096,16384,0,5,0.120529,0.480723,1.13424,1,0
PUT,4,1,16384,65536,0,12,0.217474,4.42715,6.56333,1,1.25267
GET,4,1,16384,65536,0,5,0.135475,0.60651,1.24275,1,0
PUT,4,1,65536,262144,0,12,0.445282,4.60131,7.15319,1,1.25071
GET,4,1,65536,262144,0,5,0.214875,0.461571,1.26102,1,0
PUT,4,1,262144,1048576,0,12,1.91816,5.25505,9.94799,1,1.25018
GET,4,1,262144,1048576,0,5,1.16338,1.1413,3.26837,1,0
PUT,4,2,256,1024,0,12,0.180876,4.55659,6.65407,1,1.70508
GET,4,2,256,1024,0,6,0.116806,0.506862,1.16809,1,0
PUT,4,2,1024,4096,0,12,0.177076,3.99047,7.15482,1,1.55127
GET,4,2,1024,4096,0,6,0.116606,0.431639,1.08756,1,0
PUT,4,2,4096,16384,0,12,0.220558,3.37464,5.57013,1,1.51282
GET,4,2,4096,16384,0,6,0.122078,0.490832,1.09736,1,0
PUT,4,2,16384,65536,0,12,0.254652,4.03867,6.52266,1,1.5032
GET,4,2,16384,65536,0,6,0.142615,0.466412,1.14395,1,0
PUT,4,2,65536,262144,0,12,0.558751,6.09732,8.82622,1,1.50085
GET,4,2,65536,262144,0,6,0.341444,0.521813,1.40454,1,0
PUT,4,2,262144,1048576,0,12,2.31867,7.2416,12.2798,1,1.50021
GET,4,2,262144,1048576,0,6,1.20536,0.853032,3.01292,1,0
PUT,4,3,256,1024,0,12,0.199985,6.29771,8.75787,1,1.98926
GET,4,3,256,1024,0,7,0.114518,0.454802,1.12771,1,0
PUT,4,3,1024,4096,0,12,0.19205,6.10616,8.93313,1,1.80981
GET,4,3,1024,4096,0,7,0.111622,0.474305,1.10531,1,0
PUT,4,3,4096,16384,0,12,0.226306,5.92898,8.32676,1,1.76495
GET,4,3,4096,16384,0,7,0.115213,0.472948,1.00772,1,0
PUT,4,3,16384,65536,0,12,0.286949,5.99225,8.66499,1,1.75374
GET,4,3,16384,65536,0,7,0.147507,0.531566,1.34956,1,0
PUT,4,3,65536,262144,0,12,0.643126,7.81785,10.6705,1,1.75099
GET,4,3,65536,262144,0,7,0.311854,0.610982,1.47612,1,0
PUT,4,3,262144,1048576,0,12,2.54766,9.09902,14.6475,1,1.75025
GET,4,3,262144,1048576,0,7,1.35547,1.14651,3.42177,1,0
PUT,4,4,256,1024,0,12,0.203179,6.60918,9.04885,1,2.27344
GET,4,4,256,1024,0,8,0.117722,0.537535,1.13334,1,0
PUT,4,4,1024,4096,0,12,0.204631,8.23668,11.073,1,2.06836
GET,4,4,1024,4096,0,8,0.118791,0.517847,1.05859,1,0
PUT,4,4,4096,16384,0,12,0.230183,6.46204,9.01031,1,2.01709
GET,4,4,4096,16384,0,8,0.127983,0.53494,1.12586,1,0
PUT,4,4,16384,65536,0,12,0.31317,6.47614,9.02145,1,2.00427
GET,4,4,16384,65536,0,8,0.153625,0.523144,1.2521,1,0
PUT,4,4,65536,262144,0,12,0.707313,9.19876,12.4869,1,2.00113
GET,4,4,65536,262144,0,8,0.278886,0.758934,1.63425,1,0
PUT,4,4,262144,1048576,0,12,3.0317,9.60191,15.7278,1,2.00028
GET,4,4,262144,1048576,0,8,1.20587,1.3207,3.4884,1,0
PUT,6,1,171,1024,0,12,0.205506,4.17468,6.5012,1,1.40137
GET,6,1,171,1024,0,7,0.107986,0.43791,1.02622,1,0
PUT,6,1,683,4096,0,12,0.212102,5.73773,8.24382,1,1.22705
GET,6,1,683,4096,0,7,0.109483,0.456219,1.04472,1,0
PUT,6,1,2731,16384,0,12,0.23089,3.672,6.08857,1,1.18176
GET,6,1,2731,16384,0,7,0.113325,0.47241,1.06967,1,0
PUT,6,1,10923,65536,0,12,0.263534,4.57025,6.80684,1,1.17044
GET,6,1,10923,65536,0,7,0.13558,0.443591,1.10598,1,0
PUT,6,1,43691,262144,0,12,0.430655,6.14912,9.04752,1,1.16761
GET,6,1,43691,262144,0,7,0.236938,0.559372,1.30449,1,0
PUT,6,1,174763,1048576,0,12,1.63729,6.61003,10.8456,1,1.16692
GET,6,1,174763,1048576,0,7,1.01708,0.899604,2.82295,1,0
PUT,6,2,171,1024,0,12,0.20545,7.16816,9.68658,1,1.60156
GET,6,2,171,1024,0,8,0.120555,0.515609,1.08347,1,0
PUT,6,2,683,4096,0,12,0.195984,5.1806,7.82928,1,1.40234
GET,6,2,683,4096,0,8,0.118651,0.575609,1.1997,1,0
PUT,6,2,2731,16384,0,12,0.222668,6.24569,8.99142,1,1.35059
GET,6,2,2731,16384,0,8,0.158844,0.637469,1.30547,1,0
PUT,6,2,10923,65536,0,12,0.254458,5.43641,8.07291,1,1.33765
GET,6,2,10923,65536,0,8,0.141935,0.512517,1.49305,1,0
PUT,6,2,43691,262144,0,12,0.578592,9.31384,12.7112,1,1.33441
GET,6,2,43691,262144,0,8,0.230185,0.769518,1.67179,1,0
PUT,6,2,174763,1048576,0,12,2.68954,7.64247,13.7665,1,1.33362
GET,6,2,174763,1048576,0,8,1.1299,1.0395,3.14783,1,0
PUT,6,3,171,1024,0,12,0.240061,7.85195,10.313,1,1.80176
GET,6,3,171,1024,0,9,0.116764,0.552719,1.15965,1,0
PUT,6,3,683,4096,0,12,0.266131,11.4964,14.5475,1,1.57764
GET,6,3,683,4096,0,9,0.122965,0.564284,1.16262,1,0
PUT,6,3,2731,16384,0,12,0.217097,7.36079,9.79796,1,1.51941
GET,6,3,2731,16384,0,9,0.123033,0.547017,1.18756,1,0
PUT,6,3,10923,65536,0,12,0.31663,7.63353,10.345,1,1.50485
GET,6,3,10923,65536,0,9,0.202245,0.712768,1.4425,1,0
PUT,6,3,43691,262144,0,12,0.595969,7.05361,11.2782,1,1.50121
GET,6,3,43691,262144,0,9,0.345749,0.741844,1.94683,1,0
PUT,6,3,174763,1048576,0,12,2.50819,8.36821,14.3452,1,1.50032
GET,6,3,174763,1048576,0,9,1.25813,0.863118,3.18949,1,0
PUT,6,4,171,1024,0,12,0.239673,7.79214,10.7345,1,2.00195
GET,6,4,171,1024,0,10,0.137975,0.573266,1.19482,1,0
PUT,6,4,683,4096,0,12,0.22584,7.9988,11.0423,1,1.75293
GET,6,4,683,4096,0,10,0.124691,0.793601,1.43176,1,0
PUT,6,4,2731,16384,0,12,0.260603,8.04996,12.203,1,1.68823
GET,6,4,2731,16384,0,10,0.124973,0.559545,1.22601,1,0
PUT,6,4,10923,65536,0,12,0.288674,9.35768,12.3284,1,1.67206
GET,6,4,10923,65536,0,10,0.159471,0.580744,1.15392,1,0
PUT,6,4,43691,262144,0,12,0.601028,7.80526,10.9804,1,1.66801
GET,6,4,43691,262144,0,10,0.323114,0.714251,1.75029,1,0
PUT,6,4,174763,1048576,0,12,2.40919,11.574,17.3263,1,1.66702
GET,6,4,174763,1048576,0,10,1.4066,0.97832,3.32936,1,0
PUT,8,1,128,1024,0,12,0.220051,5.25261,8.08424,1,1.42383
GET,8,1,128,1024,0,9,0.121973,0.624248,1.98318,1,0
PUT,8,1,512,4096,0,12,0.206171,4.97611,8.64544,1,1.2019
GET,8,1,512,4096,0,9,0.118296,0.567584,1.24335,1,0
PUT,8,1,2048,16384,0,12,0.231738,7.24654,9.95691,1,1.14423
GET,8,1,2048,16384,0,9,0.123889,0.524651,1.13451,1,0
PUT,8,1,8192,65536,0,12,0.2798,5.13223,7.89621,1,1.12981
GET,8,1,8192,65536,0,9,0.137428,0.513639,1.14127,1,0
PUT,8,1,32768,262144,0,12,0.511153,7.76664,11.9766,1,1.1262
GET,8,1,32768,262144,0,9,0.21654,0.786769,1.64713,1,0
PUT,8,1,131072,1048576,0,12,1.98382,7.3684,12.1822,1,1.12532
GET,8,1,131072,1048576,0,9,1.02479,0.7433,2.76342,1,0
PUT,8,2,128,1024,0,12,0.22817,7.06285,9.78163,1,1.58203
GET,8,2,128,1024,0,10,0.123993,0.540268,1.18518,1,0
PUT,8,2,512,4096,0,12,0.213565,6.2635,8.96454,1,1.33545
GET,8,2,512,4096,0,10,0.122221,0.558291,1.11711,1,0
PUT,8,2,2048,16384,0,12,0.242903,7.35634,9.90602,1,1.27136
GET,8,2,2048,16384,0,10,0.125324,0.537164,1.14572,1,0
PUT,8,2,8192,65536,0,12,0.292885,5.30305,8.38859,1,1.25534
GET,8,2,8192,65536,0,10,0.15232,0.579144,1.3317,1,0
PUT,8,2,32768,262144,0,12,0.524034,7.64475,10.886,1,1.25134
GET,8,2,32768,262144,0,10,0.248455,0.580102,1.45999,1,0
PUT,8,2,131072,1048576,0,12,1.98642,9.12384,14.3799,1,1.25035
GET,8,2,131072,1048576,0,10,1.29295,0.938182,3.18709,1,0
PUT,8,3,128,1024,0,12,0.234626,8.27439,11.1225,1,1.74023
GET,8,3,128,1024,0,11,0.123458,0.547402,1.18995,1,0
PUT,8,3,512,4096,0,12,0.365819,8.72295,11.6899,1,1.46899
GET,8,3,512,4096,0,11,0.130202,0.628235,1.20693,1,0
PUT,8,3,2048,16384,0,12,0.279628,9.52851,12.4405,1,1.3985
GET,8,3,2048,16384,0,11,0.124703,0.555903,1.20262,1,0
PUT,8,3,8192,65536,0,12,0.32147,8.68331,11.6139,1,1.38087
GET,8,3,8192,65536,0,11,0.15525,0.630576,1.23995,1,0
PUT,8,3,32768,262144,0,12,0.577049,8.73212,11.9891,1,1.37647
GET,8,3,32768,262144,0,11,0.437285,0.811664,2.0348,1,0
PUT,8,3,131072,1048576,0,12,2.97153,9.23148,16.4687,1,1.37539
GET,8,3,131072,1048576,0,11,1.14834,0.893916,2.88841,1,0
PUT,8,4,128,1024,0,12,0.235664,8.22534,11.2809,1,1.89844
GET,8,4,128,1024,0,12,0.129041,1.03506,1.94199,1,0
PUT,8,4,512,4096,0,12,0.243284,10.6335,13.6623,1,1.60254
GET,8,4,512,4096,0,12,0.128838,0.685692,1.33271,1,0
PUT,8,4,2048,16384,0,12,0.298069,9.82151,13.0143,1,1.52563
GET,8,4,2048,16384,0,12,0.139754,0.738136,1.44563,1,0
PUT,8,4,8192,65536,0,12,0.317071,8.7379,12.1447,1,1.50641
GET,8,4,8192,65536,0,12,0.163835,1.42778,2.07788,1,0
PUT,8,4,32768,262144,0,12,0.617994,10.8892,14.4052,1,1.5016
GET,8,4,32768,262144,0,12,0.347272,0.889702,1.95951,1,0
PUT,8,4,131072,1048576,0,12,3.00955,12.7572,19.7038,1,1.50042
GET,8,4,131072,1048576,0,12,1.20882,1.15572,3.24202,1,0
PUT,2,1,512,1024,0,12,0.201471,2.27008,4.60059,1,1.60254
GET,2,1,512,1024,0,3,0.104707,0.329128,1.10017,1,0
REPAIR,2,1,512,1024,1,3,0.039045,1.97534,6.59103,1,0
PUT,2,1,2048,4096,0,12,0.165209,1.88814,4.28753,1,1.52563
GET,2,1,2048,4096,0,3,0.096261,0.30643,0.912465,1,0
REPAIR,2,1,2048,4096,1,3,0.046434,2.88393,7.25001,1,0
PUT,2,1,8192,16384,0,12,0.218059,3.41135,5.14654,1,1.50641
GET,2,1,8192,16384,0,3,0.09917,0.267488,0.759332,1,0
REPAIR,2,1,8192,16384,1,3,0.067128,1.93453,7.96638,1,0
PUT,2,1,32768,65536,0,12,0.321769,2.33914,4.24235,1,1.5016
GET,2,1,32768,65536,0,3,0.13823,0.376632,1.01824,1,0
REPAIR,2,1,32768,65536,1,3,0.210828,2.15775,7.60792,1,0
PUT,2,1,131072,262144,0,12,0.84084,2.28198,6.21261,1,1.50042
GET,2,1,131072,262144,0,3,0.32116,0.841834,1.90569,1,0
REPAIR,2,1,131072,262144,1,3,0.752635,2.36128,9.09323,1,0
PUT,2,1,524288,1048576,0,12,3.21127,5.22106,11.0378,1,1.50011
GET,2,1,524288,1048576,0,3,1.19657,1.00145,3.22193,1,0
REPAIR,2,1,524288,1048576,1,3,2.90938,5.56856,15.1246,1,0
PUT,2,2,512,1024,0,12,0.174407,3.58257,5.54038,1,2.13672
GET,2,2,512,1024,0,4,0.103086,0.292542,0.913008,1,0
REPAIR,2,2,512,1024,1,4,0.068198,1.97642,7.84744,1,0
PUT,2,2,2048,4096,0,12,0.24349,1.90314,3.9904,1,2.03418
GET,2,2,2048,4096,0,4,0.108165,0.317454,0.992974,1,0
REPAIR,2,2,2048,4096,1,4,0.048947,2.02949,6.73771,1,0
PUT,2,2,8192,16384,0,12,0.216522,2.63066,4.93917,1,2.00854
GET,2,2,8192,16384,0,4,0.118198,0.298306,0.949571,1,0
REPAIR,2,2,8192,16384,1,4,0.065349,1.85298,6.75725,1,0
PUT,2,2,32768,65536,0,12,0.318628,3.78937,6.01866,1,2.00214
GET,2,2,32768,65536,0,4,0.137312,0.326453,1.06195,1,0
REPAIR,2,2,32768,65536,1,4,0.148278,3.01675,8.11023,1,0
PUT,2,2,131072,262144,0,12,0.842236,3.64685,6.4217,1,2.00056
GET,2,2,131072,262144,0,4,0.281331,0.45372,1.5191,1,0
REPAIR,2,2,131072,262144,1,4,0.652081,2.59762,8.27069,1,0
PUT,2,2,524288,1048576,0,12,3.12507,6.55918,12.2177,1,2.00014
GET,2,2,524288,1048576,0,4,1.18336,1.31576,3.41394,1,0
REPAIR,2,2,524288,1048576,1,4,4.05372,4.50877,15.1381,1,0
PUT,2,3,512,1024,0,12,0.176716,5.13084,7.09065,1,2.6709
GET,2,3,512,1024,0,5,0.104797,0.423983,1.03657,1,0
REPAIR,2,3,512,1024,1,5,0.044696,1.85527,6.90237,1,0
PUT,2,3,2048,4096,0,12,0.178733,4.26201,6.33244,1,2.54272
GET,2,3,2048,4096,0,5,0.10538,0.374801,1.01656,1,0
REPAIR,2,3,2048,4096,1,5,0.052794,2.71915,7.6954,1,0
PUT,2,3,8192,16384,0,12,0.224179,2.92382,4.94645,1,2.51068
GET,2,3,8192,16384,0,5,0.118553,1.77392,2.31727,1,0
REPAIR,2,3,8192,16384,1,5,0.079113,1.8581,6.96162,1,0
PUT,2,3,32768,65536,0,12,0.27283,3.78371,5.84577,1,2.50267
GET,2,3,32768,65536,0,5,0.14612,0.450003,1.03772,1,0
REPAIR,2,3,32768,65536,1,5,0.168848,1.9897,7.66388,1,0
PUT,2,3,131072,262144,0,12,0.92418,4.17174,8.4361,1,2.50071
GET,2,3,131072,262144,0,5,0.296082,0.595087,1.54178,1,0
REPAIR,2,3,131072,262144,1,5,0.778638,2.32025,9.90991,1,0
PUT,2,3,524288,1048576,0,12,4.88042,7.7828,16.412,1,2.50018
GET,2,3,524288,1048576,0,5,1.44278,1.18595,3.58925,1,0
REPAIR,2,3,524288,1048576,1,5,3.80264,4.28347,14.509,1,0
PUT,2,4,512,1024,0,12,0.180634,5.60048,8.43255,1,3.20508
GET,2,4,512,1024,0,6,0.115996,0.482906,1.17134,1,0
REPAIR,2,4,512,1024,1,6,0.051143,2.79552,8.26337,1,0
PUT,2,4,2048,4096,0,12,0.20943,3.92384,5.8747,1,3.05127
GET,2,4,2048,4096,0,6,0.113548,0.441763,1.10121,1,0
REPAIR,2,4,2048,4096,1,6,0.054709,2.15396,7.63759,1,0
PUT,2,4,8192,16384,0,12,0.225748,4.39565,6.48703,1,3.01282
GET,2,4,8192,16384,0,6,0.12083,0.41562,1.0669,1,0
REPAIR,2,4,8192,16384,1,6,0.07595,2.21082,7.43456,1,0
PUT,2,4,32768,65536,0,12,0.304454,4.25656,6.47191,1,3.0032
GET,2,4,32768,65536,0,6,0.165895,0.458892,1.1142,1,0
REPAIR,2,4,32768,65536,1,6,0.157598,1.99757,7.38737,1,0
PUT,2,4,131072,262144,0,12,1.00383,5.26612,8.59907,1,3.00085
GET,2,4,131072,262144,0,6,0.414137,0.671387,1.63294,1,0
REPAIR,2,4,131072,262144,1,6,0.914402,2.5201,8.97199,1,0
PUT,2,4,524288,1048576,0,12,4.35121,9.44739,17.2895,1,3.00021
GET,2,4,524288,1048576,0,6,1.76866,1.64899,4.35825,1,0
REPAIR,2,4,524288,1048576,1,6,4.46978,4.53154,16.1511,1,0
PUT,4,1,256,1024,0,12,0.174844,3.36469,5.27478,1,1.4209
GET,4,1,256,1024,0,5,0.117204,0.374455,0.92645,1,0
REPAIR,4,1,256,1024,1,5,0.045559,3.13522,8.86991,1,0
PUT,4,1,1024,4096,0,12,0.16815,4.12047,6.15974,1,1.29272
GET,4,1,1024,4096,0,5,0.104667,0.342605,0.938377,1,0
REPAIR,4,1,1024,4096,1,5,0.047121,2.11843,7.24202,1,0
PUT,4,1,4096,16384,0,12,0.207507,2.91493,4.72335,1,1.26068
GET,4,1,4096,16384,0,5,0.106386,0.329887,0.87018,1,0
REPAIR,4,1,4096,16384,1,5,0.06902,2.09826,7.39718,1,0
PUT,4,1,16384,65536,0,12,0.251152,3.41192,5.38464,1,1.25267
GET,4,1,16384,65536,0,5,0.122905,0.373256,0.940857,1,0
REPAIR,4,1,16384,65536,1,5,0.135574,2.00698,6.95449,1,0
PUT,4,1,65536,262144,0,12,0.43404,4.70969,7.05211,1,1.25071
GET,4,1,65536,262144,0,5,0.222156,0.451735,1.40792,1,0
REPAIR,4,1,65536,262144,1,5,0.352635,2.03822,7.37238,1,0
PUT,4,1,262144,1048576,0,12,2.46153,6.14211,10.9661,1,1.25018
GET,4,1,262144,1048576,0,5,0.956189,0.852087,2.75732,1,0
REPAIR,4,1,262144,1048576,1,5,2.53101,2.64649,11.2435,1,0
PUT,4,2,256,1024,0,12,0.191724,3.78149,6.12449,1,1.70508
GET,4,2,256,1024,0,6,0.113047,0.405633,0.999087,1,0
REPAIR,4,2,256,1024,1,6,0.045505,1.95511,7.03997,1,0
PUT,4,2,1024,4096,0,12,0.181586,4.10187,6.33002,1,1.55127
GET,4,2,1024,4096,0,6,0.106536,0.387926,0.963593,1,0
REPAIR,4,2,1024,4096,1,6,0.051765,2.03964,8.02968,1,0
PUT,4,2,4096,16384,0,12,0.200083,3.73517,6.03765,1,1.51282
GET,4,2,4096,16384,0,6,0.119872,0.434212,1.2035,1,0
REPAIR,4,2,4096,16384,1,6,0.073927,2.25285,7.42689,1,0
PUT,4,2,16384,65536,0,12,0.225238,5.22446,7.39237,1,1.5032
GET,4,2,16384,65536,0,6,0.144578,0.574247,1.28243,1,0
REPAIR,4,2,16384,65536,1,6,0.14393,2.28771,8.43024,1,0
PUT,4,2,65536,262144,0,12,0.560969,5.36703,8.28797,1,1.50085
GET,4,2,65536,262144,0,6,0.30193,0.503226,1.41355,1,0
REPAIR,4,2,65536,262144,1,6,0.553174,2.31092,8.88941,1,0
PUT,4,2,262144,1048576,0,12,2.3442,7.03076,11.9416,1,1.50021
GET,4,2,262144,1048576,0,6,1.18547,0.786966,2.9607,1,0
REPAIR,4,2,262144,1048576,1,6,2.86544,2.82422,11.7924,1,0
PUT,4,3,256,1024,0,12,0.195274,6.58529,8.90914,1,1.98926
GET,4,3,256,1024,0,7,0.113894,0.465036,1.01071,1,0
REPAIR,4,3,256,1024,1,7,0.049212,3.18292,8.8386,1,0
PUT,4,3,1024,4096,0,12,0.194325,4.2944,6.401,1,1.80981
GET,4,3,1024,4096,0,7,0.133879,0.575519,1.18901,1,0
REPAIR,4,3,1024,4096,1,7,0.052966,2.08586,8.09263,1,0
PUT,4,3,4096,16384,0,12,0.22115,4.92457,7.13868,1,1.76495
GET,4,3,4096,16384,0,7,0.124157,0.603393,1.25804,1,0
REPAIR,4,3,4096,16384,1,7,0.083642,2.26258,9.54672,1,0
PUT,4,3,16384,65536,0,12,0.252627,4.47163,6.93317,1,1.75374
GET,4,3,16384,65536,0,7,0.167393,0.441408,1.13352,1,0
REPAIR,4,3,16384,65536,1,7,0.133975,2.16237,7.91988,1,0
PUT,4,3,65536,262144,0,12,0.683968,7.18637,10.1993,1,1.75099
GET,4,3,65536,262144,0,7,0.334708,0.61678,1.62524,1,0
REPAIR,4,3,65536,262144,1,7,0.594555,2.37763,8.71806,1,0
PUT,4,3,262144,1048576,0,12,2.41173,8.32411,14.3944,1,1.75025
GET,4,3,262144,1048576,0,7,1.30448,0.966993,3.8765,1,0
REPAIR,4,3,262144,1048576,1,7,3.06708,3.00297,13.1205,1,0
PUT,4,4,256,1024,0,12,0.194951,5.44874,9.11747,1,2.27344
GET,4,4,256,1024,0,8,0.11756,0.558868,1.18831,1,0
REPAIR,4,4,256,1024,1,8,0.049903,2.13853,7.58891,1,0
PUT,4,4,1024,4096,0,12,0.205733,5.69811,8.20453,1,2.06836
GET,4,4,1024,4096,0,8,0.120267,0.568301,1.16707,1,0
REPAIR,4,4,1024,4096,1,8,0.066694,2.2705,8.01687,1,0
PUT,4,4,4096,16384,0,12,0.252692,5.9805,8.54259,1,2.01709
GET,4,4,4096,16384,0,8,0.120753,0.565661,1.12175,1,0
REPAIR,4,4,4096,16384,1,8,0.090328,3.10374,9.60027,1,0
PUT,4,4,16384,65536,0,12,0.321116,6.28503,9.54143,1,2.00427
GET,4,4,16384,65536,0,8,0.154932,0.622533,1.48782,1,0
REPAIR,4,4,16384,65536,1,8,0.138823,2.87111,8.74571,1,0
PUT,4,4,65536,262144,0,12,0.737396,7.55914,10.6713,1,2.00113
GET,4,4,65536,262144,0,8,0.310327,0.635763,1.67429,1,0
REPAIR,4,4,65536,262144,1,8,0.612695,2.34564,8.85046,1,0
PUT,4,4,262144,1048576,0,12,2.834,9.33531,15.4718,1,2.00028
GET,4,4,262144,1048576,0,8,1.18266,0.928081,2.96642,1,0
REPAIR,4,4,262144,1048576,1,8,3.26367,4.27059,14.5808,1,0
PUT,6,1,171,1024,0,12,0.197572,3.94887,6.23749,1,1.40137
GET,6,1,171,1024,0,7,0.106585,0.403225,1.01654,1,0
REPAIR,6,1,171,1024,1,7,0.049211,1.97737,8.20387,1,0
PUT,6,1,683,4096,0,12,0.186999,4.29479,6.58571,1,1.22705
GET,6,1,683,4096,0,7,0.129372,0.464541,1.11094,1,0
REPAIR,6,1,683,4096,1,7,0.053224,2.33444,7.73406,1,0
PUT,6,1,2731,16384,0,12,0.201279,4.62757,7.02338,1,1.18176
GET,6,1,2731,16384,0,7,0.121255,0.470884,1.13494,1,0
REPAIR,6,1,2731,16384,1,7,0.073223,1.92575,7.31297,1,0
PUT,6,1,10923,65536,0,12,0.227459,4.30335,6.69729,1,1.17044
GET,6,1,10923,65536,0,7,0.13446,0.470821,1.12465,1,0
REPAIR,6,1,10923,65536,1,7,0.13112,1.90718,7.72174,1,0
PUT,6,1,43691,262144,0,12,0.463094,5.54557,10.4694,1,1.16761
GET,6,1,43691,262144,0,7,0.211888,0.52753,1.42042,1,0
REPAIR,6,1,43691,262144,1,7,0.363959,1.9491,8.66788,1,0
PUT,6,1,174763,1048576,0,12,1.75594,7.04401,11.6779,1,1.16692
GET,6,1,174763,1048576,0,7,1.07164,0.771423,2.84126,1,0
REPAIR,6,1,174763,1048576,1,7,2.43261,2.87261,11.1586,1,0
PUT,6,2,171,1024,0,12,0.205182,5.53317,8.1058,1,1.60156
GET,6,2,171,1024,0,8,0.112824,0.497392,0.996638,1,0
REPAIR,6,2,171,1024,1,8,0.052507,2.18226,8.00479,1,0
PUT,6,2,683,4096,0,12,0.198073,6.63466,9.11978,1,1.40234
GET,6,2,683,4096,0,8,0.116134,0.553087,1.08733,1,0
REPAIR,6,2,683,4096,1,8,0.059414,1.98689,7.79728,1,0
PUT,6,2,2731,16384,0,12,0.244541,4.83823,7.54325,1,1.35059
GET,6,2,2731,16384,0,8,0.122415,0.535252,1.14854,1,0
REPAIR,6,2,2731,16384,1,8,0.076707,2.19979,7.80573,1,0
PUT,6,2,10923,65536,0,12,0.235451,4.24751,6.5702,1,1.33765
GET,6,2,10923,65536,0,8,0.143416,0.901185,1.58023,1,0
REPAIR,6,2,10923,65536,1,8,0.169446,3.39494,9.12116,1,0
PUT,6,2,43691,262144,0,12,0.581538,5.01018,8.23938,1,1.33441
GET,6,2,43691,262144,0,8,0.391904,0.589433,1.55141,1,0
REPAIR,6,2,43691,262144,1,8,0.525654,2.15187,8.6796,1,0
PUT,6,2,174763,1048576,0,12,2.12189,7.96502,13.1733,1,1.33362
GET,6,2,174763,1048576,0,8,1.05757,0.924587,2.99178,1,0
REPAIR,6,2,174763,1048576,1,8,2.38284,2.89206,12.6495,1,0
PUT,6,3,171,1024,0,12,0.208705,8.03836,10.7572,1,1.80176
GET,6,3,171,1024,0,9,0.120776,0.745366,1.32046,1,0
REPAIR,6,3,171,1024,1,9,0.058434,2.4036,10.1985,1,0
PUT,6,3,683,4096,0,12,0.205657,6.51505,9.16814,1,1.57764
GET,6,3,683,4096,0,9,0.118109,0.545779,1.23428,1,0
REPAIR,6,3,683,4096,1,9,0.056366,2.0682,8.19432,1,0
PUT,6,3,2731,16384,0,12,0.272996,7.70576,10.4874,1,1.51941
GET,6,3,2731,16384,0,9,0.127783,0.516791,1.08052,1,0
REPAIR,6,3,2731,16384,1,9,0.081462,2.08776,9.30147,1,0
PUT,6,3,10923,65536,0,12,0.298295,5.60539,8.39355,1,1.50485
GET,6,3,10923,65536,0,9,0.150369,0.546957,1.16192,1,0
REPAIR,6,3,10923,65536,1,9,0.149188,2.23568,10.2808,1,0
PUT,6,3,43691,262144,0,12,0.583915,6.16339,9.1531,1,1.50121
GET,6,3,43691,262144,0,9,0.365248,0.65343,1.7513,1,0
REPAIR,6,3,43691,262144,1,9,0.652955,2.25034,9.34522,1,0
PUT,6,3,174763,1048576,0,12,3.05142,9.74256,16.1473,1,1.50032
GET,6,3,174763,1048576,0,9,1.67551,0.842682,3.47218,1,0
REPAIR,6,3,174763,1048576,1,9,2.6526,2.8808,12.7042,1,0
PUT,6,4,171,1024,0,12,0.219921,7.89022,10.7912,1,2.00195
GET,6,4,171,1024,0,10,0.124938,0.554718,1.09967,1,0
REPAIR,6,4,171,1024,1,10,0.05718,2.14426,8.02098,1,0
PUT,6,4,683,4096,0,12,0.221157,6.91162,9.42087,1,1.75293
GET,6,4,683,4096,0,10,0.121998,0.693196,1.32801,1,0
REPAIR,6,4,683,4096,1,10,0.064115,2.16579,8.47112,1,0
PUT,6,4,2731,16384,0,12,0.248961,6.60282,9.35974,1,1.68823
GET,6,4,2731,16384,0,10,0.139437,0.626052,1.3276,1,0
REPAIR,6,4,2731,16384,1,10,0.091217,2.3896,10.1054,1,0
PUT,6,4,10923,65536,0,12,0.339747,7.18885,10.234,1,1.67206
GET,6,4,10923,65536,0,10,0.156764,0.605856,1.33382,1,0
REPAIR,6,4,10923,65536,1,10,0.144507,2.18092,8.42519,1,0
PUT,6,4,43691,262144,0,12,0.636587,7.49832,11.0428,1,1.66801
GET,6,4,43691,262144,0,10,0.375967,0.905656,2.0189,1,0
REPAIR,6,4,43691,262144,1,10,0.766899,2.80199,10.7096,1,0
PUT,6,4,174763,1048576,0,12,3.14636,9.03316,15.7732,1,1.66702
GET,6,4,174763,1048576,0,10,1.35171,1.09917,3.40681,1,0
REPAIR,6,4,174763,1048576,1,10,2.70442,4.79872,14.9104,1,0
PUT,8,1,128,1024,0,12,0.222079,5.73689,8.46706,1,1.42383
GET,8,1,128,1024,0,9,0.115572,0.626617,1.24201,1,0
REPAIR,8,1,128,1024,1,9,0.056741,2.34971,8.68807,1,0
PUT,8,1,512,4096,0,12,0.20693,5.38893,9.27602,1,1.2019
GET,8,1,512,4096,0,9,0.118782,0.565114,1.11295,1,0
REPAIR,8,1,512,4096,1,9,0.062379,2.36764,8.21642,1,0
PUT,8,1,2048,16384,0,12,0.226596,6.79191,9.42643,1,1.14423
GET,8,1,2048,16384,0,9,0.128188,0.521732,1.14844,1,0
REPAIR,8,1,2048,16384,1,9,0.08087,2.23699,8.38825,1,0
PUT,8,1,8192,65536,0,12,0.286345,7.07305,9.72714,1,1.12981
GET,8,1,8192,65536,0,9,0.143747,0.543302,1.15338,1,0
REPAIR,8,1,8192,65536,1,9,0.131503,2.18863,8.61216,1,0
PUT,8,1,32768,262144,0,12,0.471399,5.71372,8.84165,1,1.1262
GET,8,1,32768,262144,0,9,0.20364,0.606782,1.30096,1,0
REPAIR,8,1,32768,262144,1,9,0.35183,2.3613,9.24156,1,0
PUT,8,1,131072,1048576,0,12,1.53061,7.57058,12.6347,1,1.12532
GET,8,1,131072,1048576,0,9,1.09404,0.820234,2.99032,1,0
REPAIR,8,1,131072,1048576,1,9,2.27989,2.69969,12.0705,1,0
PUT,8,2,128,1024,0,12,0.290887,8.01039,10.8779,1,1.58203
GET,8,2,128,1024,0,10,0.13853,0.562855,1.18816,1,0
REPAIR,8,2,128,1024,1,10,0.057671,2.19429,8.38346,1,0
PUT,8,2,512,4096,0,12,0.21667,6.53238,9.87141,1,1.33545
GET,8,2,512,4096,0,10,0.122513,0.582053,1.20866,1,0
REPAIR,8,2,512,4096,1,10,0.063362,2.23158,11.283,1,0
PUT,8,2,2048,16384,0,12,0.28632,5.80928,8.53541,1,1.27136
GET,8,2,2048,16384,0,10,0.125542,0.588723,1.41719,1,0
REPAIR,8,2,2048,16384,1,10,0.081504,2.0271,8.47309,1,0
PUT,8,2,8192,65536,0,12,0.28444,6.55912,9.61837,1,1.25534
GET,8,2,8192,65536,0,10,0.146983,0.553706,1.27308,1,0
REPAIR,8,2,8192,65536,1,10,0.148808,3.37392,9.90889,1,0
PUT,8,2,32768,262144,0,12,0.529563,7.61125,10.8188,1,1.25134
GET,8,2,32768,262144,0,10,0.230618,0.631719,1.4421,1,0
REPAIR,8,2,32768,262144,1,10,0.36715,2.91799,10.6423,1,0
PUT,8,2,131072,1048576,0,12,1.81802,9.50307,15.004,1,1.25035
GET,8,2,131072,1048576,0,10,1.13888,0.744491,2.81347,1,0
REPAIR,8,2,131072,1048576,1,10,2.5777,2.5718,12.1713,1,0
PUT,8,3,128,1024,0,12,0.228173,9.02254,11.7214,1,1.74023
GET,8,3,128,1024,0,11,0.123284,0.700527,1.30078,1,0
REPAIR,8,3,128,1024,1,11,0.063271,2.37143,9.06327,1,0
PUT,8,3,512,4096,0,12,0.229185,8.13514,11.0729,1,1.46899
GET,8,3,512,4096,0,11,0.125301,0.677109,1.26257,1,0
REPAIR,8,3,512,4096,1,11,0.066041,2.6407,8.77909,1,0
PUT,8,3,2048,16384,0,12,0.252995,8.54327,11.2083,1,1.3985
GET,8,3,2048,16384,0,11,0.13108,0.55945,1.35652,1,0
REPAIR,8,3,2048,16384,1,11,0.079015,2.27099,9.35284,1,0
PUT,8,3,8192,65536,0,12,0.287625,8.71656,11.5564,1,1.38087
GET,8,3,8192,65536,0,11,0.154122,0.686506,1.32819,1,0
REPAIR,8,3,8192,65536,1,11,0.130445,2.37142,9.13259,1,0
PUT,8,3,32768,262144,0,12,0.568913,8.73216,13.0399,1,1.37647
GET,8,3,32768,262144,0,11,0.370874,0.684597,1.69674,1,0
REPAIR,8,3,32768,262144,1,11,0.507085,2.16753,9.03755,1,0
PUT,8,3,131072,1048576,0,12,1.94085,9.52449,14.7542,1,1.37539
GET,8,3,131072,1048576,0,11,1.9352,1.45226,4.3666,1,0
REPAIR,8,3,131072,1048576,1,11,2.41569,3.4475,14.0418,1,0
PUT,8,4,128,1024,0,12,0.232343,7.81365,10.4738,1,1.89844
GET,8,4,128,1024,0,12,0.130963,0.987712,2.08567,1,0
REPAIR,8,4,128,1024,1,12,0.062273,3.20072,9.71735,1,0
PUT,8,4,512,4096,0,12,0.231257,8.52709,11.5478,1,1.60254
GET,8,4,512,4096,0,12,0.124047,0.78397,2.74972,1,0
REPAIR,8,4,512,4096,1,12,0.068324,2.41758,9.44595,1,0
PUT,8,4,2048,16384,0,12,0.279337,8.77416,11.6321,1,1.52563
GET,8,4,2048,16384,0,12,0.132101,0.818071,1.41596,1,0
REPAIR,8,4,2048,16384,1,12,0.164518,2.40431,10.4615,1,0
PUT,8,4,8192,65536,0,12,0.299028,8.84423,11.7952,1,1.50641
GET,8,4,8192,65536,0,12,0.162322,0.889005,2.16792,1,0
REPAIR,8,4,8192,65536,1,12,0.159295,2.5001,12.3883,1,0
PUT,8,4,32768,262144,0,12,0.623946,9.79642,13.0873,1,1.5016
GET,8,4,32768,262144,0,12,0.352008,0.788408,1.83343,1,0
REPAIR,8,4,32768,262144,1,12,0.53204,2.38634,9.83551,1,0
PUT,8,4,131072,1048576,0,12,2.33076,11.0037,16.8786,1,1.50042
GET,8,4,131072,1048576,0,12,1.21255,1.14569,3.22657,1,0
REPAIR,8,4,131072,1048576,1,12,2.61619,2.66397,14.5889,1,0
PUT,2,1,512,1024,0,12,0.177321,2.06202,4.37558,1,1.60254
GET,2,1,512,1024,0,3,0.105325,0.825842,1.57319,1,0
REPAIR,2,1,512,1024,2,3,0,0,0.911165,0,0
PUT,2,1,2048,4096,0,12,0.178197,1.88166,5.12792,1,1.52563
GET,2,1,2048,4096,0,3,0.101054,0.332069,1.07448,1,0
REPAIR,2,1,2048,4096,2,3,0,0,1.03688,0,0
PUT,2,1,8192,16384,0,12,0.214551,2.20352,4.30356,1,1.50641
GET,2,1,8192,16384,0,3,0.113417,0.324762,1.03379,1,0
REPAIR,2,1,8192,16384,2,3,0,0,0.954385,0,0
PUT,2,1,32768,65536,0,12,0.329177,2.32142,4.4872,1,1.5016
GET,2,1,32768,65536,0,3,0.13843,0.383892,1.09495,1,0
REPAIR,2,1,32768,65536,2,3,0,0,1.05485,0,0
PUT,2,1,131072,262144,0,12,0.832769,3.38897,7.40267,1,1.50042
GET,2,1,131072,262144,0,3,0.317822,0.706723,1.55909,1,0
REPAIR,2,1,131072,262144,2,3,0,0,0.9994,0,0
PUT,2,1,524288,1048576,0,12,2.82609,4.81883,10.3486,1,1.50011
GET,2,1,524288,1048576,0,3,1.35239,1.27094,3.86411,1,0
REPAIR,2,1,524288,1048576,2,3,0,0,1.19614,0,0
PUT,2,2,512,1024,0,12,0.187551,2.526,4.55709,1,2.13672
GET,2,2,512,1024,0,4,0.108492,0.336762,0.925201,1,0
REPAIR,2,2,512,1024,2,4,0.065841,3.2858,7.87784,1,0
PUT,2,2,2048,4096,0,12,0.165357,3.04443,4.95893,1,2.03418
GET,2,2,2048,4096,0,4,0.104251,0.31228,0.880541,1,0
REPAIR,2,2,2048,4096,2,4,0.056231,2.92915,7.81701,1,0
PUT,2,2,8192,16384,0,12,0.175454,2.93682,4.81426,1,2.00854
GET,2,2,8192,16384,0,4,0.105973,0.293872,0.920671,1,0
REPAIR,2,2,8192,16384,2,4,0.06906,2.0269,7.07845,1,0
PUT,2,2,32768,65536,0,12,0.278131,2.83851,4.81793,1,2.00214
GET,2,2,32768,65536,0,4,0.164552,0.339937,0.955422,1,0
REPAIR,2,2,32768,65536,2,4,0.154381,2.13198,7.22521,1,0
PUT,2,2,131072,262144,0,12,0.86371,4.3026,7.00382,1,2.00056
GET,2,2,131072,262144,0,4,0.272221,0.468423,1.28668,1,0
REPAIR,2,2,131072,262144,2,4,0.770577,2.32665,8.28339,1,0
PUT,2,2,524288,1048576,0,12,3.21758,6.95461,12.8087,1,2.00014
GET,2,2,524288,1048576,0,4,1.23883,1.04824,3.30689,1,0
REPAIR,2,2,524288,1048576,2,4,3.53732,6.71947,15.7407,1,0
PUT,2,3,512,1024,0,12,0.177303,3.8311,5.80869,1,2.6709
GET,2,3,512,1024,0,5,0.107915,0.421619,1.04493,1,0
REPAIR,2,3,512,1024,2,5,0.051914,1.86236,7.50134,1,0
PUT,2,3,2048,4096,0,12,0.173256,4.54298,6.68804,1,2.54272
GET,2,3,2048,4096,0,5,0.113367,0.401308,0.949945,1,0
REPAIR,2,3,2048,4096,2,5,0.060719,1.86119,6.59938,1,0
PUT,2,3,8192,16384,0,12,0.209928,3.1142,5.09789,1,2.51068
GET,2,3,8192,16384,0,5,0.109564,0.375355,0.966186,1,0
REPAIR,2,3,8192,16384,2,5,0.080484,2.40392,7.24672,1,0
PUT,2,3,32768,65536,0,12,0.290302,4.27222,6.44389,1,2.50267
GET,2,3,32768,65536,0,5,0.151274,0.493206,1.15037,1,0
REPAIR,2,3,32768,65536,2,5,0.155346,1.95139,7.30071,1,0
PUT,2,3,131072,262144,0,12,0.81064,5.10835,8.2378,1,2.50071
GET,2,3,131072,262144,0,5,0.298993,0.663675,1.54408,1,0
REPAIR,2,3,131072,262144,2,5,0.853481,2.30506,8.73347,1,0
PUT,2,3,524288,1048576,0,12,3.65354,8.36078,14.7539,1,2.50018
GET,2,3,524288,1048576,0,5,1.52689,1.54368,4.07484,1,0
REPAIR,2,3,524288,1048576,2,5,4.68887,6.16893,18.262,1,0
PUT,2,4,512,1024,0,12,0.183007,4.86008,6.86272,1,3.20508
GET,2,4,512,1024,0,6,0.141034,0.428583,1.02412,1,0
REPAIR,2,4,512,1024,2,6,0.053633,1.88887,7.35338,1,0
PUT,2,4,2048,4096,0,12,0.190259,4.02069,6.23585,1,3.05127
GET,2,4,2048,4096,0,6,0.112127,1.40816,1.98636,1,0
REPAIR,2,4,2048,4096,2,6,0.068642,2.43868,7.91779,1,0
PUT,2,4,8192,16384,0,12,0.237673,5.66247,8.06951,1,3.01282
GET,2,4,8192,16384,0,6,0.120338,0.46189,1.0045,1,0
REPAIR,2,4,8192,16384,2,6,0.093525,2.4941,7.75539,1,0
PUT,2,4,32768,65536,0,12,0.315833,3.61865,6.46494,1,3.0032
GET,2,4,32768,65536,0,6,0.165961,0.534942,1.22763,1,0
REPAIR,2,4,32768,65536,2,6,0.165473,2.09671,7.7264,1,0
PUT,2,4,131072,262144,0,12,0.991373,5.45029,8.72362,1,3.00085
GET,2,4,131072,262144,0,6,0.340098,0.74479,1.65434,1,0
REPAIR,2,4,131072,262144,2,6,0.895992,3.89216,10.2634,1,0
PUT,2,4,524288,1048576,0,12,5.80257,9.87951,20.5245,1,3.00021
GET,2,4,524288,1048576,0,6,1.82324,1.23017,4.15257,1,0
REPAIR,2,4,524288,1048576,2,6,4.41927,4.60053,15.5615,1,0
PUT,4,1,256,1024,0,12,0.178983,3.84674,5.99506,1,1.4209
GET,4,1,256,1024,0,5,0.102844,0.358102,0.976333,1,0
REPAIR,4,1,256,1024,2,5,0,0,1.18838,0,0
PUT,4,1,1024,4096,0,12,0.175002,2.72688,4.74274,1,1.29272
GET,4,1,1024,4096,0,5,0.105631,0.337073,0.925397,1,0
REPAIR,4,1,1024,4096,2,5,0,0,1.32065,0,0
PUT,4,1,4096,16384,0,12,0.193687,3.84159,6.23508,1,1.26068
GET,4,1,4096,16384,0,5,0.168714,0.48726,1.18807,1,0
REPAIR,4,1,4096,16384,2,5,0,0,2.32701,0,0
PUT,4,1,16384,65536,0,12,0.245417,5.06452,7.22734,1,1.25267
GET,4,1,16384,65536,0,5,0.141336,0.379356,1.16445,1,0
REPAIR,4,1,16384,65536,2,5,0,0,1.24812,0,0
PUT,4,1,65536,262144,0,12,0.463445,5.57084,8.26356,1,1.25071
GET,4,1,65536,262144,0,5,0.208419,0.472553,1.40011,1,0
REPAIR,4,1,65536,262144,2,5,0,0,1.57456,0,0
PUT,4,1,262144,1048576,0,12,2.12987,5.6785,10.5142,1,1.25018
GET,4,1,262144,1048576,0,5,1.0832,0.922014,3.03194,1,0
REPAIR,4,1,262144,1048576,2,5,0,0,2.90776,0,0
PUT,4,2,256,1024,0,12,0.186717,4.54533,7.08878,1,1.70508
GET,4,2,256,1024,0,6,0.114039,0.489978,1.18464,1,0
REPAIR,4,2,256,1024,2,6,0.053218,2.53276,8.32861,1,0
PUT,4,2,1024,4096,0,12,0.184601,4.09536,6.24249,1,1.55127
GET,4,2,1024,4096,0,6,0.107415,0.469313,1.09353,1,0
REPAIR,4,2,1024,4096,2,6,0.062562,2.39454,8.0228,1,0
PUT,4,2,4096,16384,0,12,0.234982,4.5975,6.62086,1,1.51282
GET,4,2,4096,16384,0,6,0.119511,0.421235,1.07382,1,0
REPAIR,4,2,4096,16384,2,6,0.084837,2.12433,7.85852,1,0
PUT,4,2,16384,65536,0,12,0.239495,4.11927,6.19191,1,1.5032
GET,4,2,16384,65536,0,6,0.133056,0.412835,1.06625,1,0
REPAIR,4,2,16384,65536,2,6,0.127601,2.55062,7.80987,1,0
PUT,4,2,65536,262144,0,12,0.522629,7.75982,10.4152,1,1.50085
GET,4,2,65536,262144,0,6,0.306832,0.567945,1.4355,1,0
REPAIR,4,2,65536,262144,2,6,0.598461,2.52827,8.94316,1,0
PUT,4,2,262144,1048576,0,12,2.27129,7.01022,11.9481,1,1.50021
GET,4,2,262144,1048576,0,6,2.26212,0.978645,4.18618,1,0
REPAIR,4,2,262144,1048576,2,6,2.81652,3.94717,12.6654,1,0
PUT,4,3,256,1024,0,12,0.201137,4.86465,7.17178,1,1.98926
GET,4,3,256,1024,0,7,0.109299,0.434175,1.00311,1,0
REPAIR,4,3,256,1024,2,7,0.055311,3.09149,8.81307,1,0
PUT,4,3,1024,4096,0,12,0.205569,4.13121,6.42107,1,1.80981
GET,4,3,1024,4096,0,7,0.110724,0.412486,1.00142,1,0
REPAIR,4,3,1024,4096,2,7,0.059965,2.23435,7.96439,1,0
PUT,4,3,4096,16384,0,12,0.228641,4.43906,6.74457,1,1.76495
GET,4,3,4096,16384,0,7,0.123763,0.457491,1.46967,1,0
REPAIR,4,3,4096,16384,2,7,0.092317,2.46831,8.64966,1,0
PUT,4,3,16384,65536,0,12,0.2674,5.51409,8.13899,1,1.75374
GET,4,3,16384,65536,0,7,0.148984,0.5618,1.23677,1,0
REPAIR,4,3,16384,65536,2,7,0.165549,2.13706,8.36016,1,0
PUT,4,3,65536,262144,0,12,0.634215,7.89711,10.7342,1,1.75099
GET,4,3,65536,262144,0,7,0.347072,0.582267,1.59739,1,0
REPAIR,4,3,65536,262144,2,7,0.636844,2.7605,9.86831,1,0
PUT,4,3,262144,1048576,0,12,3.52896,8.30174,15.2686,1,1.75025
GET,4,3,262144,1048576,0,7,1.30427,0.799886,3.13507,1,0
REPAIR,4,3,262144,1048576,2,7,3.41914,5.63368,16.2826,1,0
PUT,4,4,256,1024,0,12,0.199842,5.96447,8.44984,1,2.27344
GET,4,4,256,1024,0,8,0.112945,0.622613,1.27377,1,0
REPAIR,4,4,256,1024,2,8,0.057154,2.27936,8.70789,1,0
PUT,4,4,1024,4096,0,12,0.202889,7.92591,10.3752,1,2.06836
GET,4,4,1024,4096,0,8,0.118823,0.507396,1.11729,1,0
REPAIR,4,4,1024,4096,2,8,0.070247,2.71313,8.65007,1,0
PUT,4,4,4096,16384,0,12,0.237086,11.0659,13.8581,1,2.01709
GET,4,4,4096,16384,0,8,0.128561,0.500734,1.01342,1,0
REPAIR,4,4,4096,16384,2,8,0.091465,2.19862,7.90995,1,0
PUT,4,4,16384,65536,0,12,0.262686,5.00747,7.41767,1,2.00427
GET,4,4,16384,65536,0,8,0.154576,0.50785,1.23345,1,0
REPAIR,4,4,16384,65536,2,8,0.146033,2.35433,8.62184,1,0
PUT,4,4,65536,262144,0,12,0.655586,7.94685,10.9584,1,2.00113
GET,4,4,65536,262144,0,8,0.305915,0.604311,1.42816,1,0
REPAIR,4,4,65536,262144,2,8,0.643172,2.56723,9.32764,1,0
PUT,4,4,262144,1048576,0,12,3.26154,8.81334,15.1714,1,2.00028
GET,4,4,262144,1048576,0,8,1.2295,1.18962,3.41211,1,0
REPAIR,4,4,262144,1048576,2,8,3.46807,5.80291,16.2684,1,0
PUT,6,1,171,1024,0,12,0.19028,4.66292,6.85947,1,1.40137
GET,6,1,171,1024,0,7,0.110292,0.44866,1.06496,1,0
REPAIR,6,1,171,1024,2,7,0,0,1.34905,0,0
PUT,6,1,683,4096,0,12,0.187829,5.35163,7.7518,1,1.22705
GET,6,1,683,4096,0,7,0.114865,0.522655,1.1809,1,0
REPAIR,6,1,683,4096,2,7,0,0,1.47243,0,0
PUT,6,1,2731,16384,0,12,0.21204,6.13375,8.77042,1,1.18176
GET,6,1,2731,16384,0,7,0.122532,0.465336,1.15739,1,0
REPAIR,6,1,2731,16384,2,7,0,0,1.41624,0,0
PUT,6,1,10923,65536,0,12,0.2258,4.49419,6.78938,1,1.17044
GET,6,1,10923,65536,0,7,0.141512,0.554889,1.30212,1,0
REPAIR,6,1,10923,65536,2,7,0,0,1.40182,0,0
PUT,6,1,43691,262144,0,12,0.534029,2.85033,5.70322,1,1.16761
GET,6,1,43691,262144,0,7,0.232174,0.576542,1.45999,1,0
REPAIR,6,1,43691,262144,2,7,0,0,1.35679,0,0
PUT,6,1,174763,1048576,0,12,2.47545,7.92969,13.2064,1,1.16692
GET,6,1,174763,1048576,0,7,0.967974,0.995157,2.81828,1,0
REPAIR,6,1,174763,1048576,2,7,0,0,1.91886,0,0
PUT,6,2,171,1024,0,12,0.210935,5.79336,8.52156,1,1.60156
GET,6,2,171,1024,0,8,0.116436,0.523753,1.16947,1,0
REPAIR,6,2,171,1024,2,8,0.060754,2.79047,8.58079,1,0
PUT,6,2,683,4096,0,12,0.198531,4.74506,7.1239,1,1.40234
GET,6,2,683,4096,0,8,0.125221,0.49895,1.11159,1,0
REPAIR,6,2,683,4096,2,8,0.065469,2.2683,8.04753,1,0
PUT,6,2,2731,16384,0,12,0.263973,5.02387,7.85268,1,1.35059
GET,6,2,2731,16384,0,8,0.124164,0.507516,1.51541,1,0
REPAIR,6,2,2731,16384,2,8,0.0883,2.32207,7.86245,1,0
PUT,6,2,10923,65536,0,12,0.273947,6.12973,8.8658,1,1.33765
GET,6,2,10923,65536,0,8,0.144188,0.51609,1.22518,1,0
REPAIR,6,2,10923,65536,2,8,0.141264,2.58964,9.47771,1,0
PUT,6,2,43691,262144,0,12,0.484606,5.82456,8.57564,1,1.33441
GET,6,2,43691,262144,0,8,0.322794,0.574088,1.39728,1,0
REPAIR,6,2,43691,262144,2,8,0.552774,4.55396,11.0524,1,0
PUT,6,2,174763,1048576,0,12,2.85576,6.65986,12.2469,1,1.33362
GET,6,2,174763,1048576,0,8,1.14853,0.840599,2.93496,1,0
REPAIR,6,2,174763,1048576,2,8,2.508,3.9358,12.5026,1,0
PUT,6,3,171,1024,0,12,0.220381,7.12439,9.78845,1,1.80176
GET,6,3,171,1024,0,9,0.11952,0.600249,1.19563,1,0
REPAIR,6,3,171,1024,2,9,0.060313,2.37796,8.34457,1,0
PUT,6,3,683,4096,0,12,0.209926,8.02447,11.0102,1,1.57764
GET,6,3,683,4096,0,9,0.122466,1.27585,1.93772,1,0
REPAIR,6,3,683,4096,2,9,0.069345,2.20818,8.02637,1,0
PUT,6,3,2731,16384,0,12,0.253908,5.24679,8.03523,1,1.51941
GET,6,3,2731,16384,0,9,0.127243,0.578517,1.29701,1,0
REPAIR,6,3,2731,16384,2,9,0.094068,2.216,8.23027,1,0
PUT,6,3,10923,65536,0,12,0.267111,6.57218,9.30608,1,1.50485
GET,6,3,10923,65536,0,9,0.14968,0.617979,1.28768,1,0
REPAIR,6,3,10923,65536,2,9,0.135574,2.81781,8.9602,1,0
PUT,6,3,43691,262144,0,12,0.603589,6.94219,10.5154,1,1.50121
GET,6,3,43691,262144,0,9,0.480827,0.899967,2.04291,1,0
REPAIR,6,3,43691,262144,2,9,0.574996,2.5775,9.85513,1,0
PUT,6,3,174763,1048576,0,12,2.22762,8.66613,15.185,1,1.50032
GET,6,3,174763,1048576,0,9,1.1358,1.62717,3.96358,1,0
REPAIR,6,3,174763,1048576,2,9,3.05978,2.89318,12.742,1,0
PUT,6,4,171,1024,0,12,0.227032,5.81684,8.99711,1,2.00195
GET,6,4,171,1024,0,10,0.119608,0.739866,1.50181,1,0
REPAIR,6,4,171,1024,2,10,0.062549,2.327,9.01234,1,0
PUT,6,4,683,4096,0,12,0.218781,8.09265,10.6775,1,1.75293
GET,6,4,683,4096,0,10,0.120706,0.677134,1.20821,1,0
REPAIR,6,4,683,4096,2,10,0.074438,2.66176,9.0864,1,0
PUT,6,4,2731,16384,0,12,0.24518,6.49003,10.1301,1,1.68823
GET,6,4,2731,16384,0,10,0.127294,0.695543,1.22832,1,0
REPAIR,6,4,2731,16384,2,10,0.096556,2.33946,8.4634,1,0
PUT,6,4,10923,65536,0,12,0.316031,6.44988,9.36185,1,1.67206
GET,6,4,10923,65536,0,10,0.157129,0.703947,1.36559,1,0
REPAIR,6,4,10923,65536,2,10,0.155856,2.93863,9.9502,1,0
PUT,6,4,43691,262144,0,12,0.641949,8.43904,11.6606,1,1.66801
GET,6,4,43691,262144,0,10,0.348411,0.952076,1.90404,1,0
REPAIR,6,4,43691,262144,2,10,0.613426,2.47117,9.23782,1,0
PUT,6,4,174763,1048576,0,12,2.595,9.64333,15.3691,1,1.66702
GET,6,4,174763,1048576,0,10,1.29637,1.08219,3.33993,1,0
REPAIR,6,4,174763,1048576,2,10,2.91665,3.05624,14.0564,1,0
PUT,8,1,128,1024,0,12,0.206978,7.47518,10.2597,1,1.42383
GET,8,1,128,1024,0,9,0.401901,0.574455,1.48856,1,0
REPAIR,8,1,128,1024,2,9,0,0,1.71406,0,0
PUT,8,1,512,4096,0,12,0.212404,5.41599,8.41354,1,1.2019
GET,8,1,512,4096,0,9,0.120849,0.606404,2.04144,1,0
REPAIR,8,1,512,4096,2,9,0,0,2.2839,0,0
PUT,8,1,2048,16384,0,12,0.245589,6.34976,9.5732,1,1.14423
GET,8,1,2048,16384,0,9,0.121178,0.566229,1.10863,1,0
REPAIR,8,1,2048,16384,2,9,0,0,1.68894,0,0
PUT,8,1,8192,65536,0,12,0.324117,5.52836,8.60603,1,1.12981
GET,8,1,8192,65536,0,9,0.143818,0.682619,1.29537,1,0
REPAIR,8,1,8192,65536,2,9,0,0,2.56103,0,0
PUT,8,1,32768,262144,0,12,0.495069,8.39257,11.4586,1,1.1262
GET,8,1,32768,262144,0,9,0.233801,0.635529,1.89897,1,0
REPAIR,8,1,32768,262144,2,9,0,0,1.67577,0,0
PUT,8,1,131072,1048576,0,12,1.86274,7.49918,12.3926,1,1.12532
GET,8,1,131072,1048576,0,9,1.0113,0.888484,2.88564,1,0
REPAIR,8,1,131072,1048576,2,9,0,0,2.12633,0,0
PUT,8,2,128,1024,0,12,0.217786,4.8533,7.98468,1,1.58203
GET,8,2,128,1024,0,10,0.122888,0.643174,1.28833,1,0
REPAIR,8,2,128,1024,2,10,0.063911,2.98157,9.54408,1,0
PUT,8,2,512,4096,0,12,0.218046,7.14738,11.267,1,1.33545
GET,8,2,512,4096,0,10,0.121806,0.573591,1.10164,1,0
REPAIR,8,2,512,4096,2,10,0.07373,2.42365,8.8112,1,0
PUT,8,2,2048,16384,0,12,0.221213,7.63528,10.3533,1,1.27136
GET,8,2,2048,16384,0,10,0.126815,0.63325,1.2408,1,0
REPAIR,8,2,2048,16384,2,10,0.09527,2.42606,8.41322,1,0
PUT,8,2,8192,65536,0,12,0.295464,7.41352,11.0523,1,1.25534
GET,8,2,8192,65536,0,10,0.149434,0.634425,1.27923,1,0
REPAIR,8,2,8192,65536,2,10,0.138077,2.56078,8.86078,1,0
PUT,8,2,32768,262144,0,12,0.526615,8.89584,12.2941,1,1.25134
GET,8,2,32768,262144,0,10,0.222701,0.688275,1.51351,1,0
REPAIR,8,2,32768,262144,2,10,0.394681,2.59012,9.25565,1,0
PUT,8,2,131072,1048576,0,12,1.85307,9.96896,14.9401,1,1.25035
GET,8,2,131072,1048576,0,10,1.07029,1.07594,3.11497,1,0
REPAIR,8,2,131072,1048576,2,10,2.396,2.9268,12.3471,1,0
PUT,8,3,128,1024,0,12,0.241068,8.2432,11.239,1,1.74023
GET,8,3,128,1024,0,11,0.123551,0.653987,1.18288,1,0
REPAIR,8,3,128,1024,2,11,0.06737,2.60521,11.8491,1,0
PUT,8,3,512,4096,0,12,0.282806,7.12786,10.0224,1,1.46899
GET,8,3,512,4096,0,11,0.127074,0.863386,1.57331,1,0
REPAIR,8,3,512,4096,2,11,0.072466,4.82699,15.0582,1,0
PUT,8,3,2048,16384,0,12,0.295814,14.9484,18.8647,1,1.3985
GET,8,3,2048,16384,0,11,0.134637,0.719432,1.38725,1,0
REPAIR,8,3,2048,16384,2,11,0.099229,3.60567,12.1811,1,0
PUT,8,3,8192,65536,0,12,0.332626,7.80654,11.8614,1,1.38087
GET,8,3,8192,65536,0,11,0.161577,0.642576,2.36132,1,0
REPAIR,8,3,8192,65536,2,11,0.170139,2.48077,9.67851,1,0
PUT,8,3,32768,262144,0,12,0.600852,7.61936,10.9901,1,1.37647
GET,8,3,32768,262144,0,11,0.24166,0.812975,1.65321,1,0
REPAIR,8,3,32768,262144,2,11,0.479776,2.72418,12.3978,1,0
PUT,8,3,131072,1048576,0,12,2.18346,8.78507,14.8191,1,1.37539
GET,8,3,131072,1048576,0,11,1.22665,0.890532,3.09482,1,0
REPAIR,8,3,131072,1048576,2,11,2.4636,3.29934,15.0599,1,0
PUT,8,4,128,1024,0,12,0.263707,8.44012,11.5292,1,1.89844
GET,8,4,128,1024,0,12,0.127674,0.643364,1.28252,1,0
REPAIR,8,4,128,1024,2,12,0.071351,2.40808,9.34094,1,0
PUT,8,4,512,4096,0,12,0.239006,8.59497,11.8215,1,1.60254
GET,8,4,512,4096,0,12,0.126578,0.754872,1.36846,1,0
REPAIR,8,4,512,4096,2,12,0.079175,2.70003,10.1497,1,0
PUT,8,4,2048,16384,0,12,0.261919,8.35523,11.6509,1,1.52563
GET,8,4,2048,16384,0,12,0.134775,0.679916,1.28685,1,0
REPAIR,8,4,2048,16384,2,12,0.090741,2.43169,9.57451,1,0
PUT,8,4,8192,65536,0,12,0.31119,9.17181,12.9765,1,1.50641
GET,8,4,8192,65536,0,12,0.163422,0.680313,1.55393,1,0
REPAIR,8,4,8192,65536,2,12,0.170623,2.48178,9.92224,1,0
PUT,8,4,32768,262144,0,12,0.643488,8.62593,12.2081,1,1.5016
GET,8,4,32768,262144,0,12,0.356092,0.699727,1.72347,1,0
REPAIR,8,4,32768,262144,2,12,0.558591,2.97918,12.6845,1,0
PUT,8,4,131072,1048576,0,12,2.24083,8.47222,14.5876,1,1.50042
GET,8,4,131072,1048576,0,12,1.25511,0.913617,3.27291,1,0
REPAIR,8,4,131072,1048576,2,12,3.23321,3.75757,15.1312,1,0
PUT,2,1,512,1024,0,12,0.181284,2.54713,5.11806,1,1.60254
GET,2,1,512,1024,0,3,0.10791,0.309841,1.0107,1,0
REPAIR,2,1,512,1024,3,3,0,0,1.05587,0,0
PUT,2,1,2048,4096,0,12,0.160914,2.8061,4.63288,1,1.52563
GET,2,1,2048,4096,0,3,0.103357,0.332772,1.00237,1,0
REPAIR,2,1,2048,4096,3,3,0,0,1.02817,0,0
PUT,2,1,8192,16384,0,12,0.224536,3.29058,5.17374,1,1.50641
GET,2,1,8192,16384,0,3,0.108781,0.268075,0.865796,1,0
REPAIR,2,1,8192,16384,3,3,0,0,0.899919,0,0
PUT,2,1,32768,65536,0,12,0.303945,2.53194,4.7473,1,1.5016
GET,2,1,32768,65536,0,3,0.141993,0.350297,1.08426,1,0
REPAIR,2,1,32768,65536,3,3,0,0,1.03345,0,0
PUT,2,1,131072,262144,0,12,0.811109,3.2171,6.09768,1,1.50042
GET,2,1,131072,262144,0,3,0.311433,0.518899,1.48644,1,0
REPAIR,2,1,131072,262144,3,3,0,0,0.965017,0,0
PUT,2,1,524288,1048576,0,12,2.98435,4.5764,10.4191,1,1.50011
GET,2,1,524288,1048576,0,3,1.18609,1.05564,3.28451,1,0
REPAIR,2,1,524288,1048576,3,3,0,0,1.16313,0,0
PUT,2,2,512,1024,0,12,0.165778,2.90934,4.86221,1,2.13672
GET,2,2,512,1024,0,4,0.10968,0.360909,0.933442,1,0
REPAIR,2,2,512,1024,4,4,0,0,1.08937,0,0
PUT,2,2,2048,4096,0,12,0.169496,2.30376,4.71161,1,2.03418
GET,2,2,2048,4096,0,4,0.132353,0.526943,1.26629,1,0
REPAIR,2,2,2048,4096,4,4,0,0,1.0604,0,0
PUT,2,2,8192,16384,0,12,0.229629,3.36158,5.81393,1,2.00854
GET,2,2,8192,16384,0,4,0.11902,0.356996,1.00347,1,0
REPAIR,2,2,8192,16384,4,4,0,0,1.13507,0,0
PUT,2,2,32768,65536,0,12,0.355776,2.72111,5.03561,1,2.00214
GET,2,2,32768,65536,0,4,0.14252,0.430377,1.07528,1,0
REPAIR,2,2,32768,65536,4,4,0,0,1.20147,0,0
PUT,2,2,131072,262144,0,12,0.909095,3.81522,6.69375,1,2.00056
GET,2,2,131072,262144,0,4,0.257317,0.5032,1.27733,1,0
REPAIR,2,2,131072,262144,4,4,0,0,1.11822,0,0
PUT,2,2,524288,1048576,0,12,3.23482,5.4751,11.2704,1,2.00014
GET,2,2,524288,1048576,0,4,1.24937,1.11169,3.38161,1,0
REPAIR,2,2,524288,1048576,4,4,0,0,1.25623,0,0
PUT,2,3,512,1024,0,12,0.1723,4.16153,6.3273,1,2.6709
GET,2,3,512,1024,0,5,0.10651,0.379841,0.932824,1,0
REPAIR,2,3,512,1024,4,5,0,0,1.11445,0,0
PUT,2,3,2048,4096,0,12,0.176124,3.76365,6.03758,1,2.54272
GET,2,3,2048,4096,0,5,0.108883,0.328149,0.870727,1,0
REPAIR,2,3,2048,4096,4,5,0,0,1.31471,0,0
PUT,2,3,8192,16384,0,12,0.222932,4.32007,6.43698,1,2.51068
GET,2,3,8192,16384,0,5,0.117569,0.358469,0.939493,1,0
REPAIR,2,3,8192,16384,4,5,0,0,1.14956,0,0
PUT,2,3,32768,65536,0,12,0.276591,4.57885,7.11094,1,2.50267
GET,2,3,32768,65536,0,5,0.150645,0.456477,1.16228,1,0
REPAIR,2,3,32768,65536,4,5,0,0,1.32303,0,0
PUT,2,3,131072,262144,0,12,0.928697,4.71228,7.98557,1,2.50071
GET,2,3,131072,262144,0,5,0.308597,0.569911,1.54333,1,0
REPAIR,2,3,131072,262144,4,5,0,0,1.21862,0,0
PUT,2,3,524288,1048576,0,12,3.93248,6.53039,13.1856,1,2.50018
GET,2,3,524288,1048576,0,5,1.63058,1.69778,4.32826,1,0
REPAIR,2,3,524288,1048576,4,5,0,0,1.70016,0,0
PUT,2,4,512,1024,0,12,0.186316,3.67096,6.2175,1,3.20508
GET,2,4,512,1024,0,6,0.11229,0.445903,1.03623,1,0
REPAIR,2,4,512,1024,4,6,0.069196,3.79345,9.15806,1,0
PUT,2,4,2048,4096,0,12,0.187046,4.81754,7.05926,1,3.05127
GET,2,4,2048,4096,0,6,0.109333,0.357801,0.91557,1,0
REPAIR,2,4,2048,4096,4,6,0.078179,3.95064,9.97914,1,0
PUT,2,4,8192,16384,0,12,0.275115,5.2995,8.30522,1,3.01282
GET,2,4,8192,16384,0,6,0.12074,0.450742,1.01425,1,0
REPAIR,2,4,8192,16384,4,6,0.110388,3.36908,8.76298,1,0
PUT,2,4,32768,65536,0,12,0.310908,4.85206,7.1648,1,3.0032
GET,2,4,32768,65536,0,6,0.16562,0.541603,1.2209,1,0
REPAIR,2,4,32768,65536,4,6,0.241321,2.6235,8.06129,1,0
PUT,2,4,131072,262144,0,12,1.05366,5.1292,8.59244,1,3.00085
GET,2,4,131072,262144,0,6,0.344911,0.63673,1.62985,1,0
REPAIR,2,4,131072,262144,4,6,1.08867,3.43447,9.95793,1,0
PUT,2,4,524288,1048576,0,12,4.62641,8.14067,16.5758,1,3.00021
GET,2,4,524288,1048576,0,6,2.14756,2.199,5.3207,1,0
REPAIR,2,4,524288,1048576,4,6,5.11567,7.40716,18.8239,1,0
PUT,4,1,256,1024,0,12,0.173675,3.65583,5.73613,1,1.4209
GET,4,1,256,1024,0,5,0.101933,0.343664,0.869364,1,0
REPAIR,4,1,256,1024,4,5,0,0,1.21035,0,0
PUT,4,1,1024,4096,0,12,0.178219,4.44724,6.36639,1,1.29272
GET,4,1,1024,4096,0,5,0.107868,0.381337,1.0009,1,0
REPAIR,4,1,1024,4096,4,5,0,0,1.28317,0,0
PUT,4,1,4096,16384,0,12,0.194145,4.28216,6.30752,1,1.26068
GET,4,1,4096,16384,0,5,0.111282,0.387891,0.939801,1,0
REPAIR,4,1,4096,16384,4,5,0,0,1.11828,0,0
PUT,4,1,16384,65536,0,12,0.261146,3.41653,5.63725,1,1.25267
GET,4,1,16384,65536,0,5,0.131965,0.412395,1.00367,1,0
REPAIR,4,1,16384,65536,4,5,0,0,1.07366,0,0
PUT,4,1,65536,262144,0,12,0.473832,4.44519,7.13402,1,1.25071
GET,4,1,65536,262144,0,5,0.213196,0.447548,1.28927,1,0
REPAIR,4,1,65536,262144,4,5,0,0,1.28432,0,0
PUT,4,1,262144,1048576,0,12,2.10928,6.32565,11.0467,1,1.25018
GET,4,1,262144,1048576,0,5,1.12539,1.01011,3.02395,1,0
REPAIR,4,1,262144,1048576,4,5,0,0,1.60499,0,0
PUT,4,2,256,1024,0,12,0.194271,4.0698,6.22774,1,1.70508
GET,4,2,256,1024,0,6,0.106237,0.395099,0.895818,1,0
REPAIR,4,2,256,1024,4,6,0,0,1.47531,0,0
PUT,4,2,1024,4096,0,12,0.186282,3.53293,5.7432,1,1.55127
GET,4,2,1024,4096,0,6,0.107419,0.421269,1.0131,1,0
REPAIR,4,2,1024,4096,4,6,0,0,1.4888,0,0
PUT,4,2,4096,16384,0,12,0.20674,3.89443,6.14972,1,1.51282
GET,4,2,4096,16384,0,6,0.126281,0.431469,1.10296,1,0
REPAIR,4,2,4096,16384,4,6,0,0,1.47398,0,0
PUT,4,2,16384,65536,0,12,0.229588,4.66447,6.83182,1,1.5032
GET,4,2,16384,65536,0,6,0.17156,0.473589,1.12492,1,0
REPAIR,4,2,16384,65536,4,6,0,0,1.41467,0,0
PUT,4,2,65536,262144,0,12,0.530596,5.10004,8.29274,1,1.50085
GET,4,2,65536,262144,0,6,0.312433,0.54788,1.55309,1,0
REPAIR,4,2,65536,262144,4,6,0,0,1.36456,0,0
PUT,4,2,262144,1048576,0,12,2.50398,6.30945,11.9494,1,1.50021
GET,4,2,262144,1048576,0,6,1.1874,0.779537,3.06627,1,0
REPAIR,4,2,262144,1048576,4,6,0,0,1.47349,0,0
PUT,4,3,256,1024,0,12,0.187193,3.36178,5.65944,1,1.98926
GET,4,3,256,1024,0,7,0.114036,0.527473,1.10607,1,0
REPAIR,4,3,256,1024,4,7,0,0,1.43122,0,0
PUT,4,3,1024,4096,0,12,0.195578,5.31692,8.59064,1,1.80981
GET,4,3,1024,4096,0,7,0.117198,0.48285,1.07627,1,0
REPAIR,4,3,1024,4096,4,7,0,0,1.4339,0,0
PUT,4,3,4096,16384,0,12,0.233796,4.6537,7.37653,1,1.76495
GET,4,3,4096,16384,0,7,0.122318,0.456043,1.09985,1,0
REPAIR,4,3,4096,16384,4,7,0,0,1.36707,0,0
PUT,4,3,16384,65536,0,12,0.250644,5.13047,7.6971,1,1.75374
GET,4,3,16384,65536,0,7,0.143997,0.499189,1.6015,1,0
REPAIR,4,3,16384,65536,4,7,0,0,1.37687,0,0
PUT,4,3,65536,262144,0,12,0.649667,6.29441,9.35721,1,1.75099
GET,4,3,65536,262144,0,7,0.313662,0.603747,1.59419,1,0
REPAIR,4,3,65536,262144,4,7,0,0,1.53182,0,0
PUT,4,3,262144,1048576,0,12,2.62203,6.65118,12.2429,1,1.75025
GET,4,3,262144,1048576,0,7,2.51656,1.93245,9.50132,1,0
REPAIR,4,3,262144,1048576,4,7,0,0,2.05762,0,0
PUT,4,4,256,1024,0,12,0.210415,4.83298,7.22686,1,2.27344
GET,4,4,256,1024,0,8,0.116653,0.540469,1.26555,1,0
REPAIR,4,4,256,1024,4,8,0.090025,4.30365,11.3057,1,0
PUT,4,4,1024,4096,0,12,0.231262,4.71437,6.90905,1,2.06836
GET,4,4,1024,4096,0,8,0.111382,0.504035,1.15862,1,0
REPAIR,4,4,1024,4096,4,8,0.088507,2.81563,9.34242,1,0
PUT,4,4,4096,16384,0,12,0.218087,3.72298,6.20095,1,2.01709
GET,4,4,4096,16384,0,8,0.123812,0.56369,1.19534,1,0
REPAIR,4,4,4096,16384,4,8,0.112072,2.10534,8.31742,1,0
PUT,4,4,16384,65536,0,12,0.263591,5.167,8.19517,1,2.00427
GET,4,4,16384,65536,0,8,0.154498,0.615581,2.4057,1,0
REPAIR,4,4,16384,65536,4,8,0.165801,3.5811,10.2078,1,0
PUT,4,4,65536,262144,0,12,0.710343,6.43489,9.56965,1,2.00113
GET,4,4,65536,262144,0,8,0.337919,0.658226,1.57201,1,0
REPAIR,4,4,65536,262144,4,8,0.719111,3.50995,10.3388,1,0
PUT,4,4,262144,1048576,0,12,2.98701,7.19026,13.6654,1,2.00028
GET,4,4,262144,1048576,0,8,1.21436,0.960122,3.24491,1,0
REPAIR,4,4,262144,1048576,4,8,3.88381,5.66245,16.5789,1,0
PUT,6,1,171,1024,0,12,0.19133,5.55365,8.02513,1,1.40137
GET,6,1,171,1024,0,7,0.114091,0.469784,1.15121,1,0
REPAIR,6,1,171,1024,4,7,0,0,1.5081,0,0
PUT,6,1,683,4096,0,12,0.19434,3.84267,5.96734,1,1.22705
GET,6,1,683,4096,0,7,0.115236,0.601466,1.18192,1,0
REPAIR,6,1,683,4096,4,7,0,0,1.47163,0,0
PUT,6,1,2731,16384,0,12,0.251612,5.35517,8.20812,1,1.18176
GET,6,1,2731,16384,0,7,0.137552,0.606484,1.25928,1,0
REPAIR,6,1,2731,16384,4,7,0,0,1.41619,0,0
PUT,6,1,10923,65536,0,12,0.224054,5.62255,8.42342,1,1.17044
GET,6,1,10923,65536,0,7,0.147269,0.450457,1.26343,1,0
REPAIR,6,1,10923,65536,4,7,0,0,1.49788,0,0
PUT,6,1,43691,262144,0,12,0.469879,5.57582,8.40534,1,1.16761
GET,6,1,43691,262144,0,7,0.205165,0.461419,1.2391,1,0
REPAIR,6,1,43691,262144,4,7,0,0,1.75667,0,0
PUT,6,1,174763,1048576,0,12,1.93616,6.18807,11.1676,1,1.16692
GET,6,1,174763,1048576,0,7,1.0903,0.678851,2.82733,1,0
REPAIR,6,1,174763,1048576,4,7,0,0,1.59798,0,0
PUT,6,2,171,1024,0,12,0.203292,6.21034,8.66593,1,1.60156
GET,6,2,171,1024,0,8,0.121753,0.470768,2.02444,1,0
REPAIR,6,2,171,1024,4,8,0,0,1.47056,0,0
PUT,6,2,683,4096,0,12,0.196126,6.3598,8.94221,1,1.40234
GET,6,2,683,4096,0,8,0.141657,0.927813,1.54552,1,0
REPAIR,6,2,683,4096,4,8,0,0,1.65943,0,0
PUT,6,2,2731,16384,0,12,0.225069,4.96653,7.78945,1,1.35059
GET,6,2,2731,16384,0,8,0.153952,0.657571,1.2705,1,0
REPAIR,6,2,2731,16384,4,8,0,0,1.51117,0,0
PUT,6,2,10923,65536,0,12,0.288028,4.76723,7.19736,1,1.33765
GET,6,2,10923,65536,0,8,0.139661,0.529378,1.28758,1,0
REPAIR,6,2,10923,65536,4,8,0,0,1.81008,0,0
PUT,6,2,43691,262144,0,12,0.506654,5.75081,9.7917,1,1.33441
GET,6,2,43691,262144,0,8,0.334587,0.572731,1.41529,1,0
REPAIR,6,2,43691,262144,4,8,0,0,1.54757,0,0
PUT,6,2,174763,1048576,0,12,2.00183,7.29371,12.7035,1,1.33362
GET,6,2,174763,1048576,0,8,1.13503,0.839622,2.85216,1,0
REPAIR,6,2,174763,1048576,4,8,0,0,1.78431,0,0
PUT,6,3,171,1024,0,12,0.218102,6.25101,8.85044,1,1.80176
GET,6,3,171,1024,0,9,0.121561,0.606005,1.2711,1,0
REPAIR,6,3,171,1024,4,9,0,0,1.71777,0,0
PUT,6,3,683,4096,0,12,0.233057,4.73183,7.6701,1,1.57764
GET,6,3,683,4096,0,9,0.123519,0.558191,1.22819,1,0
REPAIR,6,3,683,4096,4,9,0,0,1.63424,0,0
PUT,6,3,2731,16384,0,12,0.218018,5.10276,7.84923,1,1.51941
GET,6,3,2731,16384,0,9,0.128417,0.535312,1.19618,1,0
REPAIR,6,3,2731,16384,4,9,0,0,1.58864,0,0
PUT,6,3,10923,65536,0,12,0.270788,6.01957,8.89838,1,1.50485
GET,6,3,10923,65536,0,9,0.142541,0.521407,1.15713,1,0
REPAIR,6,3,10923,65536,4,9,0,0,2.02651,0,0
PUT,6,3,43691,262144,0,12,0.568748,6.45203,9.85193,1,1.50121
GET,6,3,43691,262144,0,9,0.362881,0.611692,1.73686,1,0
REPAIR,6,3,43691,262144,4,9,0,0,1.71538,0,0
PUT,6,3,174763,1048576,0,12,2.30102,8.74445,14.5719,1,1.50032
GET,6,3,174763,1048576,0,9,1.2444,0.812673,2.93336,1,0
REPAIR,6,3,174763,1048576,4,9,0,0,2.44975,0,0
PUT,6,4,171,1024,0,12,0.222964,7.46778,10.5102,1,2.00195
GET,6,4,171,1024,0,10,0.124553,0.584415,1.24567,1,0
REPAIR,6,4,171,1024,4,10,0.080141,3.15178,10.2694,1,0
PUT,6,4,683,4096,0,12,0.229233,7.74266,10.6523,1,1.75293
GET,6,4,683,4096,0,10,0.119572,0.602539,1.17526,1,0
REPAIR,6,4,683,4096,4,10,0.091251,3.30889,9.925,1,0
PUT,6,4,2731,16384,0,12,0.271931,5.42804,8.37332,1,1.68823
GET,6,4,2731,16384,0,10,0.129227,0.55671,1.12448,1,0
REPAIR,6,4,2731,16384,4,10,0.114732,3.43134,10.6481,1,0
PUT,6,4,10923,65536,0,12,0.327328,8.251,11.3365,1,1.67206
GET,6,4,10923,65536,0,10,0.167635,1.00533,1.58489,1,0
REPAIR,6,4,10923,65536,4,10,0.191165,2.90936,9.50473,1,0
PUT,6,4,43691,262144,0,12,0.754406,7.85003,11.186,1,1.66801
GET,6,4,43691,262144,0,10,0.336359,0.684614,1.65186,1,0
REPAIR,6,4,43691,262144,4,10,0.651781,3.56892,11.8369,1,0
PUT,6,4,174763,1048576,0,12,2.65341,9.54113,15.6997,1,1.66702
GET,6,4,174763,1048576,0,10,1.35858,0.965598,3.30828,1,0
REPAIR,6,4,174763,1048576,4,10,3.13358,4.76143,14.6487,1,0
PUT,8,1,128,1024,0,12,0.21176,5.70357,9.42793,1,1.42383
GET,8,1,128,1024,0,9,0.122182,0.502759,1.23938,1,0
REPAIR,8,1,128,1024,4,9,0,0,1.57841,0,0
PUT,8,1,512,4096,0,12,0.213526,10.9571,13.8047,1,1.2019
GET,8,1,512,4096,0,9,0.120674,0.595275,1.26531,1,0
REPAIR,8,1,512,4096,4,9,0,0,2.25677,0,0
PUT,8,1,2048,16384,0,12,0.232632,6.01949,8.84574,1,1.14423
GET,8,1,2048,16384,0,9,0.125963,0.571908,1.24267,1,0
REPAIR,8,1,2048,16384,4,9,0,0,1.63948,0,0
PUT,8,1,8192,65536,0,12,0.258814,6.85237,10.24,1,1.12981
GET,8,1,8192,65536,0,9,0.153537,0.669321,1.46966,1,0
REPAIR,8,1,8192,65536,4,9,0,0,1.95864,0,0
PUT,8,1,32768,262144,0,12,0.472929,7.84297,10.8457,1,1.1262
GET,8,1,32768,262144,0,9,0.349779,0.70184,1.70907,1,0
REPAIR,8,1,32768,262144,4,9,0,0,1.84971,0,0
PUT,8,1,131072,1048576,0,12,1.78833,7.11063,12.1671,1,1.12532
GET,8,1,131072,1048576,0,9,1.10869,0.738449,2.84408,1,0
REPAIR,8,1,131072,1048576,4,9,0,0,2.11324,0,0
PUT,8,2,128,1024,0,12,0.221445,7.78096,10.7675,1,1.58203
GET,8,2,128,1024,0,10,0.122146,0.542036,1.22269,1,0
REPAIR,8,2,128,1024,4,10,0,0,1.8989,0,0
PUT,8,2,512,4096,0,12,0.222931,7.43286,10.3874,1,1.33545
GET,8,2,512,4096,0,10,0.119083,0.568837,1.14124,1,0
REPAIR,8,2,512,4096,4,10,0,0,2.04792,0,0
PUT,8,2,2048,16384,0,12,0.244778,5.72979,9.26571,1,1.27136
GET,8,2,2048,16384,0,10,0.13017,0.58506,1.20149,1,0
REPAIR,8,2,2048,16384,4,10,0,0,1.8557,0,0
PUT,8,2,8192,65536,0,12,0.269365,7.12001,10.0645,1,1.25534
GET,8,2,8192,65536,0,10,0.152921,0.668527,1.33626,1,0
REPAIR,8,2,8192,65536,4,10,0,0,1.74409,0,0
PUT,8,2,32768,262144,0,12,0.580751,6.07282,9.59173,1,1.25134
GET,8,2,32768,262144,0,10,0.227692,0.760849,1.6998,1,0
REPAIR,8,2,32768,262144,4,10,0,0,1.92292,0,0
PUT,8,2,131072,1048576,0,12,1.94214,8.19361,13.5282,1,1.25035
GET,8,2,131072,1048576,0,10,1.14678,0.814666,3.37276,1,0
REPAIR,8,2,131072,1048576,4,10,0,0,2.0509,0,0
PUT,8,3,128,1024,0,12,0.238198,7.88079,10.8951,1,1.74023
GET,8,3,128,1024,0,11,0.12564,0.593281,1.25081,1,0
REPAIR,8,3,128,1024,4,11,0,0,1.85304,0,0
PUT,8,3,512,4096,0,12,0.230389,5.58899,8.95037,1,1.46899
GET,8,3,512,4096,0,11,0.123369,0.691285,1.64024,1,0
REPAIR,8,3,512,4096,4,11,0,0,2.31158,0,0
PUT,8,3,2048,16384,0,12,0.268624,7.08209,10.2908,1,1.3985
GET,8,3,2048,16384,0,11,0.128286,0.599331,1.21602,1,0
REPAIR,8,3,2048,16384,4,11,0,0,2.17328,0,0
PUT,8,3,8192,65536,0,12,0.30104,6.51915,9.28508,1,1.38087
GET,8,3,8192,65536,0,11,0.156827,0.852045,1.57996,1,0
REPAIR,8,3,8192,65536,4,11,0,0,2.47095,0,0
PUT,8,3,32768,262144,0,12,0.634276,10.8121,18.5132,1,1.37647
GET,8,3,32768,262144,0,11,0.353577,0.992749,2.30527,1,0
REPAIR,8,3,32768,262144,4,11,0,0,3.47628,0,0
PUT,8,3,131072,1048576,0,12,2.09938,9.72277,16.489,1,1.37539
GET,8,3,131072,1048576,0,11,1.1579,0.948316,2.96629,1,0
REPAIR,8,3,131072,1048576,4,11,0,0,2.28178,0,0
PUT,8,4,128,1024,0,12,0.30386,8.74587,12.2536,1,1.89844
GET,8,4,128,1024,0,12,0.149296,2.01711,2.70221,1,0
REPAIR,8,4,128,1024,4,12,0.082079,3.56458,10.7886,1,0
PUT,8,4,512,4096,0,12,0.240082,8.65786,11.7802,1,1.60254
GET,8,4,512,4096,0,12,0.129209,1.0773,1.64968,1,0
REPAIR,8,4,512,4096,4,12,0.088031,4.4006,11.2616,1,0
PUT,8,4,2048,16384,0,12,0.290496,8.13595,11.9337,1,1.52563
GET,8,4,2048,16384,0,12,0.136994,0.71467,1.40552,1,0
REPAIR,8,4,2048,16384,4,12,0.129431,4.16488,11.2405,1,0
PUT,8,4,8192,65536,0,12,0.290139,8.65177,11.9025,1,1.50641
GET,8,4,8192,65536,0,12,0.157349,0.694678,1.36569,1,0
REPAIR,8,4,8192,65536,4,12,0.175634,4.36478,11.2853,1,0
PUT,8,4,32768,262144,0,12,0.687785,8.363,11.8695,1,1.5016
GET,8,4,32768,262144,0,12,0.363561,0.685205,1.73304,1,0
REPAIR,8,4,32768,262144,4,12,0.643864,3.30228,10.8932,1,0
PUT,8,4,131072,1048576,0,12,2.40421,10.2592,16.2867,1,1.50042
GET,8,4,131072,1048576,0,12,1.25737,1.19104,3.48776,1,0
REPAIR,8,4,131072,1048576,4,12,3.0042,5.22409,15.2182,1,0
